orig_row,text,n_terms,dominant_topic,topic_0,topic_1,topic_2,topic_3,topic_4
27191,"4 Top 7 paslaptys, kurias įmonės nenori, kad žinotumėte — Read more",5,2,0.033,0.034,0.866,0.033,0.033
10559,28 Coach explains new defensive tactics after the game,6,2,0.029,0.029,0.885,0.029,0.029
5171,"Top 7 paslaptys, kurias įmonės nenori, kad žinotumėte — You won't believe it (Berlin)",7,2,0.025,0.326,0.599,0.025,0.025
39466,88 Open-source libraries accelerate machine learning workflows analitikų teigimu,9,2,0.02,0.02,0.919,0.02,0.02
9361,31 Local team wins national championship in overtime,6,4,0.029,0.029,0.029,0.029,0.886
5120,85 Local team wins national championship in overtime,6,4,0.029,0.029,0.029,0.029,0.886
14144,Top 7 secrets companies don't want you to know — Number 5 is shocking (London),8,2,0.022,0.022,0.911,0.022,0.022
40923,66 Atviro kodo bibliotekos pagreitina mašininio mokymosi procesus,7,2,0.025,0.025,0.9,0.025,0.025
37918,79 Didelė saugumo spraga paveikė milijonus vartotojų dėl rinkos reakcijos,8,4,0.022,0.022,0.022,0.022,0.911
31393,10 Kaip pagreitinti kompiuterį paprastais triukais,4,1,0.04,0.84,0.04,0.04,0.04
19326,54 Major security breach affects millions of users worldwide po pranešimo (Paris),9,1,0.02,0.919,0.02,0.02,0.02
11035,93 Star player signs a multi-year contract with club,7,0,0.9,0.025,0.025,0.025,0.025
16586,91 Messi įmušė įspūdingą įvartį Lygų taurėje,6,2,0.029,0.029,0.886,0.029,0.029
45514,41 She did X — what happens next will shock you (Paris),4,1,0.04,0.839,0.04,0.04,0.04
26926,62 Coach explains new defensive tactics after the game,6,2,0.029,0.029,0.885,0.029,0.029
1637,Apple unveils a new iPhone with advanced camera and AI features (Berlin),9,3,0.02,0.02,0.02,0.919,0.02
10067,"24 Ji padarė X — kas nutiks toliau, pribloškia",5,1,0.033,0.867,0.033,0.033,0.033
11445,16 Treneris aiškino naują gynybos taktiką po rungtynių,6,0,0.886,0.029,0.029,0.029,0.029
1708,Didelė saugumo spraga paveikė milijonus vartotojų — analysts say (Vilnius),9,4,0.02,0.02,0.02,0.02,0.92
46157,You won't believe what happened next — You won't believe it (London),6,1,0.029,0.885,0.029,0.029,0.029
42654,42 Start-up raises $50 million to scale its AI platform,6,3,0.029,0.029,0.029,0.886,0.029
42156,74 This trick will change your life forever,4,2,0.04,0.04,0.84,0.04,0.04
8,She did X — what happens next will shock you — Find out why,3,1,0.05,0.8,0.05,0.05,0.05
24541,Vietos komanda laimėjo nacionalinį čempionatą pratęsimuose in a surprise move (Madrid),8,3,0.022,0.022,0.022,0.911,0.022
20061,65 Atviro kodo bibliotekos pagreitina mašininio mokymosi procesus,7,2,0.025,0.025,0.9,0.025,0.025
43961,"14 Top 7 paslaptys, kurias įmonės nenori, kad žinotumėte — Read more",5,2,0.033,0.034,0.866,0.033,0.033
30739,9 Messi įmušė įspūdingą įvartį Lygų taurėje,6,2,0.029,0.029,0.886,0.029,0.029
2406,74 Žvaigždė pasirašė daugiametę sutartį su klubu,5,0,0.867,0.033,0.033,0.033,0.033
5891,Treneris aiškino naują gynybos taktiką po rungtynių dėl rinkos reakcijos (London),9,0,0.919,0.02,0.02,0.02,0.02
48053,"45 Central bank cuts rates, markets rally on dovish guidance in a surprise move",9,0,0.92,0.02,0.02,0.02,0.02
1738,Šis triukas pakeis jūsų gyvenimą amžiams — Number 5 is shocking (New York),9,1,0.02,0.919,0.02,0.02,0.02
8901,29 Messi įmušė įspūdingą įvartį Lygų taurėje,6,2,0.029,0.029,0.886,0.029,0.029
3328,23 Analysts predict record profits for the banking sector dėl rinkos reakcijos (London),9,4,0.02,0.02,0.02,0.02,0.919
47687,10 Žvaigždė pasirašė daugiametę sutartį su klubu amid concerns (New York),9,0,0.699,0.02,0.02,0.02,0.241
34099,7 Startuolis pritraukė 50 mln. USD DI platformos plėtrai po pranešimo (Paris),9,0,0.92,0.02,0.02,0.02,0.02
2020,Local team wins national championship in overtime after report,7,4,0.025,0.025,0.025,0.025,0.9
48609,19 Startuolis pritraukė 50 mln. USD DI platformos plėtrai (New York),9,0,0.919,0.02,0.02,0.02,0.02
14059,7 Messi scores a stunning goal in the Champions League match,7,4,0.025,0.025,0.025,0.025,0.9
9177,31 Kaip pagreitinti kompiuterį paprastais triukais,4,1,0.04,0.84,0.04,0.04,0.04
20269,Apple unveils a new iPhone with advanced camera and AI features — analysts say (Kaunas),11,3,0.017,0.017,0.017,0.932,0.018
2156,33 This trick will change your life forever,4,2,0.04,0.04,0.84,0.04,0.04
5642,38 Top 7 secrets companies don't want you to know (London),6,2,0.029,0.029,0.885,0.029,0.029
37336,62 10 reasons you should never buy this gadget (Berlin),4,2,0.04,0.04,0.839,0.04,0.04
14288,29 You won't believe what happened next,3,1,0.05,0.8,0.05,0.05,0.05
26,Atviro kodo bibliotekos pagreitina mašininio mokymosi procesus dėl rinkos reakcijos,9,2,0.02,0.02,0.919,0.02,0.02
17125,31 Treneris aiškino naują gynybos taktiką po rungtynių amid concerns (London),9,0,0.686,0.02,0.02,0.02,0.254
7349,49 Top 7 secrets companies don't want you to know,5,2,0.033,0.033,0.867,0.033,0.033
14273,Coach explains new defensive tactics after the game po pranešimo (Kaunas),8,2,0.023,0.022,0.91,0.022,0.022
906,92 Local team wins national championship in overtime,6,4,0.029,0.029,0.029,0.029,0.886
15081,23 „Apple“ pristatė naują iPhone su pažangia kamera ir DI funkcijomis (Kaunas),9,1,0.02,0.92,0.02,0.02,0.02
47419,38 Žvaigždė pasirašė daugiametę sutartį su klubu,5,0,0.867,0.033,0.033,0.033,0.033
9941,29 Coach explains new defensive tactics after the game,6,2,0.029,0.029,0.885,0.029,0.029
2846,28 Transfer rumors suggest a record deal for the young striker,7,3,0.025,0.025,0.025,0.9,0.025
45728,58 Apple unveils a new iPhone with advanced camera and AI features,8,3,0.022,0.022,0.022,0.911,0.022
5102,55 You won't believe what happened next,3,1,0.05,0.8,0.05,0.05,0.05
2767,"59 Ji padarė X — kas nutiks toliau, pribloškia",5,1,0.033,0.867,0.033,0.033,0.033
30560,96 Didelė saugumo spraga paveikė milijonus vartotojų after report,7,4,0.025,0.025,0.025,0.025,0.9
28092,87 10 reasons you should never buy this gadget,3,2,0.05,0.05,0.8,0.05,0.05
1871,Start-up raises $50 million to scale its AI platform (New York),8,3,0.023,0.023,0.023,0.909,0.022
32044,92 Treneris aiškino naują gynybos taktiką po rungtynių (Paris),7,0,0.899,0.025,0.025,0.025,0.025
1247,Vietos komanda laimėjo nacionalinį čempionatą pratęsimuose (Vilnius),7,3,0.025,0.025,0.025,0.9,0.025
4817,Apple unveils a new iPhone with advanced camera and AI features (London),9,3,0.02,0.02,0.02,0.92,0.02
44417,Coach explains new defensive tactics after the game — analysts say (Vilnius),9,2,0.02,0.02,0.691,0.02,0.248
6126,"58 Ji padarė X — kas nutiks toliau, pribloškia",5,1,0.033,0.867,0.033,0.033,0.033
1895,23 10 reasons you should never buy this gadget,3,2,0.05,0.05,0.8,0.05,0.05
33467,Major security breach affects millions of users worldwide after report (New York),10,1,0.018,0.927,0.018,0.018,0.018
3971,Stock market falls amid inflation concerns dėl rinkos reakcijos,8,4,0.022,0.022,0.022,0.022,0.911
13452,36 Atviro kodo bibliotekos pagreitina mašininio mokymosi procesus,7,2,0.025,0.025,0.9,0.025,0.025
26406,6 „Apple“ pristatė naują iPhone su pažangia kamera ir DI funkcijomis,8,1,0.022,0.911,0.022,0.022,0.022
27456,72 Apple unveils a new iPhone with advanced camera and AI features,8,3,0.022,0.022,0.022,0.911,0.022
5432,98 Open-source libraries accelerate machine learning workflows (Berlin),8,2,0.022,0.022,0.911,0.022,0.022
216,Vietos komanda laimėjo nacionalinį čempionatą pratęsimuose (London),7,3,0.025,0.025,0.025,0.9,0.025
14002,9 Kaip pagreitinti kompiuterį paprastais triukais,4,1,0.04,0.84,0.04,0.04,0.04
14976,76 Transfer rumors suggest a record deal for the young striker po pranešimo,8,3,0.022,0.022,0.022,0.911,0.022
11164,Coach explains new defensive tactics after the game dėl rinkos reakcijos (New York),10,2,0.018,0.019,0.926,0.019,0.019
1660,93 Start-up raises $50 million to scale its AI platform (Madrid),7,3,0.025,0.025,0.025,0.899,0.025
12974,31 Treneris aiškino naują gynybos taktiką po rungtynių (Kaunas),7,0,0.9,0.025,0.025,0.025,0.025
22458,Atviro kodo bibliotekos pagreitina mašininio mokymosi procesus — analysts say (Vilnius),10,2,0.018,0.018,0.727,0.018,0.218
29614,75 Vietos komanda laimėjo nacionalinį čempionatą pratęsimuose,6,3,0.029,0.029,0.029,0.886,0.029
41,Messi scores a stunning goal in the Champions League match analitikų teigimu,9,4,0.02,0.02,0.02,0.02,0.92
20258,36 Analysts predict record profits for the banking sector,6,4,0.029,0.029,0.029,0.029,0.886
45019,26 10 reasons you should never buy this gadget,3,2,0.05,0.05,0.8,0.05,0.05
461,10 reasons you should never buy this gadget — Find out why,3,2,0.05,0.05,0.8,0.05,0.05
25744,16 You won't believe what happened next,3,1,0.05,0.8,0.05,0.05,0.05
517,Coach explains new defensive tactics after the game amid concerns,8,2,0.022,0.022,0.684,0.022,0.25
4352,70 Stock market falls amid inflation concerns,6,4,0.029,0.029,0.029,0.029,0.886
38658,91 Top 7 secrets companies don't want you to know — You won't believe it,7,2,0.025,0.275,0.65,0.025,0.025
586,Žvaigždė pasirašė daugiametę sutartį su klubu (Kaunas),6,0,0.885,0.029,0.029,0.029,0.029
2344,„Apple“ pristatė naują iPhone su pažangia kamera ir DI funkcijomis dėl rinkos reakcijos,10,1,0.018,0.927,0.018,0.018,0.018
1117,17 Earnings beat expectations as revenue grows in cloud segment,7,3,0.025,0.025,0.025,0.9,0.025
334,Atviro kodo bibliotekos pagreitina mašininio mokymosi procesus (New York),9,2,0.02,0.02,0.92,0.02,0.02
34699,22 Earnings beat expectations as revenue grows in cloud segment analitikų teigimu,9,3,0.02,0.02,0.02,0.92,0.02
35007,"67 Top 7 paslaptys, kurias įmonės nenori, kad žinotumėte — Find out why",4,2,0.04,0.04,0.84,0.04,0.04
48763,85 Coach explains new defensive tactics after the game,6,2,0.029,0.029,0.885,0.029,0.029
45270,45 She did X — what happens next will shock you — Read more,4,1,0.04,0.84,0.04,0.04,0.04
15448,8 This trick will change your life forever (London),5,2,0.033,0.033,0.866,0.033,0.033
30467,61 Šis triukas pakeis jūsų gyvenimą amžiams — Read more,6,1,0.029,0.886,0.029,0.029,0.029
25227,19 She did X — what happens next will shock you,3,1,0.05,0.8,0.05,0.05,0.05
24946,23 Coach explains new defensive tactics after the game (Paris),7,2,0.025,0.025,0.9,0.025,0.025
39533,63 Messi įmušė įspūdingą įvartį Lygų taurėje,6,2,0.029,0.029,0.886,0.029,0.029
38046,96 Atviro kodo bibliotekos pagreitina mašininio mokymosi procesus,7,2,0.025,0.025,0.9,0.025,0.025
19715,67 How to speed up your computer with simple tweaks analitikų teigimu,6,3,0.029,0.029,0.029,0.885,0.029
20697,7 Treneris aiškino naują gynybos taktiką po rungtynių,6,0,0.886,0.029,0.029,0.029,0.029
47109,66 Vietos komanda laimėjo nacionalinį čempionatą pratęsimuose as markets react,8,3,0.023,0.022,0.022,0.91,0.022
28991,95 Major security breach affects millions of users worldwide (Madrid),8,1,0.022,0.911,0.022,0.022,0.022
5038,97 10 reasons you should never buy this gadget (Berlin),4,2,0.04,0.04,0.839,0.04,0.04
32136,2 Coach explains new defensive tactics after the game analitikų teigimu,8,2,0.022,0.022,0.91,0.022,0.023
6489,"36 Central bank cuts rates, markets rally on dovish guidance",8,0,0.911,0.022,0.022,0.022,0.022
45779,93 Top 7 secrets companies don't want you to know,5,2,0.033,0.033,0.867,0.033,0.033
28434,15 How to speed up your computer with simple tweaks (Berlin),5,3,0.034,0.034,0.034,0.865,0.034
28377,11 Investors hedge inflation risk using index-linked bonds analitikų teigimu,10,3,0.018,0.018,0.018,0.927,0.018
2351,Earnings beat expectations as revenue grows in cloud segment (London),8,3,0.022,0.022,0.022,0.911,0.022
46954,Star player signs a multi-year contract with club as markets react (New York),11,0,0.933,0.017,0.017,0.017,0.017
23244,"52 Central bank cuts rates, markets rally on dovish guidance (New York)",10,0,0.927,0.018,0.018,0.018,0.018
148,Žvaigždė pasirašė daugiametę sutartį su klubu,5,0,0.867,0.033,0.033,0.033,0.033
1996,Vietos komanda laimėjo nacionalinį čempionatą pratęsimuose amid concerns,8,3,0.022,0.022,0.022,0.689,0.244
6712,"2 10 priežasčių, kodėl niekada nepirkti šio daikto",6,0,0.886,0.029,0.029,0.029,0.029
928,"Central bank cuts rates, markets rally on dovish guidance (Berlin)",9,0,0.92,0.02,0.02,0.02,0.02
2548,71 Messi scores a stunning goal in the Champions League match,7,4,0.025,0.025,0.025,0.025,0.9
1123,Analysts predict record profits for the banking sector analitikų teigimu,8,4,0.022,0.022,0.022,0.022,0.911
4286,Local team wins national championship in overtime in a surprise move,7,4,0.025,0.025,0.025,0.025,0.899
9733,97 Startuolis pritraukė 50 mln. USD DI platformos plėtrai (London),8,0,0.91,0.022,0.022,0.022,0.022
28453,36 She did X — what happens next will shock you,3,1,0.05,0.8,0.05,0.05,0.05
29781,6 You won't believe what happened next — Number 5 is shocking (New York),7,1,0.025,0.899,0.025,0.025,0.025
30511,10 Treneris aiškino naują gynybos taktiką po rungtynių,6,0,0.886,0.029,0.029,0.029,0.029
10905,3 10 reasons you should never buy this gadget,3,2,0.05,0.05,0.8,0.05,0.05
1925,Coach explains new defensive tactics after the game (Paris),7,2,0.025,0.025,0.9,0.025,0.025
19410,67 Vietos komanda laimėjo nacionalinį čempionatą pratęsimuose as markets react (Paris),9,3,0.021,0.02,0.02,0.919,0.02
990,20 Messi įmušė įspūdingą įvartį Lygų taurėje,6,2,0.029,0.029,0.886,0.029,0.029
39213,27 Messi įmušė įspūdingą įvartį Lygų taurėje in a surprise move,7,2,0.025,0.025,0.899,0.025,0.025
43013,44 Open-source libraries accelerate machine learning workflows,7,2,0.025,0.025,0.9,0.025,0.025
2213,"53 Central bank cuts rates, markets rally on dovish guidance",8,0,0.911,0.022,0.022,0.022,0.022
44837,97 Transfer rumors suggest a record deal for the young striker as markets react (London),10,3,0.019,0.018,0.018,0.926,0.018
20447,31 Perėjimų gandai: jaunas puolėjas gali kainuoti rekordą dėl rinkos reakcijos,9,1,0.02,0.919,0.02,0.02,0.02
2922,How to speed up your computer with simple tweaks dėl rinkos reakcijos,6,3,0.029,0.029,0.029,0.885,0.029
28625,19 How to speed up your computer with simple tweaks,4,3,0.04,0.04,0.04,0.84,0.04
108,Investors hedge inflation risk using index-linked bonds,8,3,0.022,0.022,0.022,0.911,0.022
38599,49 Star player signs a multi-year contract with club (Berlin),8,0,0.911,0.022,0.022,0.022,0.022
6862,31 Coach explains new defensive tactics after the game amid concerns,8,2,0.022,0.022,0.684,0.022,0.25
25727,31 Vietos komanda laimėjo nacionalinį čempionatą pratęsimuose,6,3,0.029,0.029,0.029,0.886,0.029
40332,80 Local team wins national championship in overtime,6,4,0.029,0.029,0.029,0.029,0.886
20350,70 How to speed up your computer with simple tweaks,4,3,0.04,0.04,0.04,0.84,0.04
44285,8 This trick will change your life forever,4,2,0.04,0.04,0.84,0.04,0.04
14377,90 Open-source libraries accelerate machine learning workflows,7,2,0.025,0.025,0.9,0.025,0.025
22698,66 You won't believe what happened next,3,1,0.05,0.8,0.05,0.05,0.05
35832,47 Top 7 secrets companies don't want you to know,5,2,0.033,0.033,0.867,0.033,0.033
10604,Stock market falls amid inflation concerns after report,7,4,0.025,0.025,0.025,0.025,0.9
25642,90 „Apple“ pristatė naują iPhone su pažangia kamera ir DI funkcijomis dėl rinkos reakcijos (New York),12,1,0.016,0.938,0.015,0.016,0.016
16187,56 Apple unveils a new iPhone with advanced camera and AI features,8,3,0.022,0.022,0.022,0.911,0.022
28594,100 Start-up raises $50 million to scale its AI platform,6,3,0.029,0.029,0.029,0.886,0.029
12280,94 Vietos komanda laimėjo nacionalinį čempionatą pratęsimuose,6,3,0.029,0.029,0.029,0.886,0.029
1413,"Ji padarė X — kas nutiks toliau, pribloškia (Vilnius)",6,1,0.029,0.885,0.029,0.029,0.029
6120,"10 priežasčių, kodėl niekada nepirkti šio daikto — Number 5 is shocking (Vilnius)",9,0,0.918,0.021,0.021,0.02,0.02
14119,89 Messi įmušė įspūdingą įvartį Lygų taurėje,6,2,0.029,0.029,0.886,0.029,0.029
26380,69 Investors hedge inflation risk using index-linked bonds — analysts say,10,3,0.018,0.018,0.018,0.926,0.019
28546,40 Šis triukas pakeis jūsų gyvenimą amžiams,5,1,0.033,0.867,0.033,0.033,0.033
8997,21 Atviro kodo bibliotekos pagreitina mašininio mokymosi procesus,7,2,0.025,0.025,0.9,0.025,0.025
14017,73 Vietos komanda laimėjo nacionalinį čempionatą pratęsimuose,6,3,0.029,0.029,0.029,0.886,0.029
2677,Perėjimų gandai: jaunas puolėjas gali kainuoti rekordą (Madrid),8,1,0.022,0.911,0.022,0.022,0.022
48469,64 Transfer rumors suggest a record deal for the young striker,7,3,0.025,0.025,0.025,0.9,0.025
357,46 This trick will change your life forever,4,2,0.04,0.04,0.84,0.04,0.04
3464,43 Star player signs a multi-year contract with club,7,0,0.9,0.025,0.025,0.025,0.025
18998,89 Major security breach affects millions of users worldwide,7,1,0.025,0.9,0.025,0.025,0.025
49060,58 She did X — what happens next will shock you,3,1,0.05,0.8,0.05,0.05,0.05
23145,Atviro kodo bibliotekos pagreitina mašininio mokymosi procesus — analysts say (Madrid),10,2,0.018,0.018,0.733,0.018,0.212
2045,"Negalėsite patikėti, kas įvyko toliau — Find out why (New York)",6,2,0.029,0.029,0.885,0.029,0.029
9508,Start-up raises $50 million to scale its AI platform dėl rinkos reakcijos (London),9,3,0.02,0.02,0.02,0.919,0.02
49366,14 Treneris aiškino naują gynybos taktiką po rungtynių (London),7,0,0.899,0.025,0.025,0.025,0.025
21728,55 Local team wins national championship in overtime,6,4,0.029,0.029,0.029,0.029,0.886
49148,46 Local team wins national championship in overtime,6,4,0.029,0.029,0.029,0.029,0.886
24439,32 Stock market falls amid inflation concerns dėl rinkos reakcijos,8,4,0.022,0.022,0.022,0.022,0.911
698,"Ji padarė X — kas nutiks toliau, pribloškia (Kaunas)",6,1,0.029,0.885,0.029,0.029,0.029
20361,Open-source libraries accelerate machine learning workflows — analysts say (Berlin),10,2,0.018,0.018,0.729,0.018,0.216
24213,69 10 reasons you should never buy this gadget,3,2,0.05,0.05,0.8,0.05,0.05
11001,88 Messi scores a stunning goal in the Champions League match po pranešimo,8,4,0.022,0.022,0.022,0.022,0.911
49973,72 She did X — what happens next will shock you,3,1,0.05,0.8,0.05,0.05,0.05
1384,Open-source libraries accelerate machine learning workflows after report,8,2,0.131,0.023,0.801,0.022,0.023
1614,"Top 7 paslaptys, kurias įmonės nenori, kad žinotumėte — You won't believe it (Kaunas)",7,2,0.025,0.335,0.59,0.025,0.025
20900,You won't believe what happened next — Read more (Kaunas),5,1,0.033,0.866,0.034,0.033,0.033
3218,Major security breach affects millions of users worldwide after report (Berlin),9,1,0.02,0.92,0.02,0.02,0.02
11120,76 She did X — what happens next will shock you,3,1,0.05,0.8,0.05,0.05,0.05
598,Žvaigždė pasirašė daugiametę sutartį su klubu dėl rinkos reakcijos (Berlin),8,0,0.91,0.023,0.022,0.022,0.023
21636,74 10 reasons you should never buy this gadget — Read more,4,2,0.04,0.041,0.839,0.04,0.04
299,9 Startuolis pritraukė 50 mln. USD DI platformos plėtrai,7,0,0.9,0.025,0.025,0.025,0.025
28721,10 reasons you should never buy this gadget — Number 5 is shocking (Paris),6,2,0.029,0.029,0.885,0.029,0.029
2690,Treneris aiškino naują gynybos taktiką po rungtynių after report (Vilnius),8,0,0.91,0.023,0.022,0.022,0.022
5820,Kaip pagreitinti kompiuterį paprastais triukais (Berlin),5,1,0.033,0.866,0.033,0.033,0.033
38151,88 How to speed up your computer with simple tweaks (Berlin),5,3,0.034,0.034,0.034,0.865,0.034
18039,Star player signs a multi-year contract with club po pranešimo (New York),10,0,0.927,0.018,0.018,0.018,0.018
43735,"Ji padarė X — kas nutiks toliau, pribloškia — Read more (Paris)",7,1,0.025,0.9,0.025,0.025,0.025
8096,86 She did X — what happens next will shock you (Paris),4,1,0.04,0.839,0.04,0.04,0.04
37220,88 Open-source libraries accelerate machine learning workflows after report,8,2,0.131,0.023,0.801,0.022,0.023
2915,59 Local team wins national championship in overtime (New York),8,4,0.023,0.023,0.023,0.023,0.909
9548,65 Major security breach affects millions of users worldwide,7,1,0.025,0.9,0.025,0.025,0.025
25414,18 Stock market falls amid inflation concerns,6,4,0.029,0.029,0.029,0.029,0.886
587,Coach explains new defensive tactics after the game (Vilnius),7,2,0.025,0.025,0.899,0.025,0.025
39990,100 You won't believe what happened next (Kaunas),4,1,0.04,0.839,0.04,0.04,0.04
33300,52 Star player signs a multi-year contract with club dėl rinkos reakcijos,9,0,0.919,0.02,0.02,0.02,0.02
21459,60 Kaip pagreitinti kompiuterį paprastais triukais,4,1,0.04,0.84,0.04,0.04,0.04
30330,"72 Ji padarė X — kas nutiks toliau, pribloškia",5,1,0.033,0.867,0.033,0.033,0.033
7146,58 Earnings beat expectations as revenue grows in cloud segment,7,3,0.025,0.025,0.025,0.9,0.025
18029,79 Vietos komanda laimėjo nacionalinį čempionatą pratęsimuose,6,3,0.029,0.029,0.029,0.886,0.029
16258,34 Didelė saugumo spraga paveikė milijonus vartotojų,6,4,0.029,0.029,0.029,0.029,0.886
45421,Perėjimų gandai: jaunas puolėjas gali kainuoti rekordą in a surprise move (Kaunas),9,1,0.02,0.92,0.02,0.02,0.02
42554,Treneris aiškino naują gynybos taktiką po rungtynių po pranešimo (Madrid),8,0,0.911,0.022,0.022,0.022,0.022
3520,45 Earnings beat expectations as revenue grows in cloud segment (London),8,3,0.022,0.022,0.022,0.911,0.022
30474,91 Apple unveils a new iPhone with advanced camera and AI features amid concerns,10,3,0.018,0.018,0.018,0.742,0.204
13685,10 reasons you should never buy this gadget — You won't believe it (London),6,2,0.029,0.347,0.567,0.029,0.029
4401,81 Startuolis pritraukė 50 mln. USD DI platformos plėtrai,7,0,0.9,0.025,0.025,0.025,0.025
20337,90 Coach explains new defensive tactics after the game,6,2,0.029,0.029,0.885,0.029,0.029
12237,Star player signs a multi-year contract with club po pranešimo (Kaunas),9,0,0.92,0.02,0.02,0.02,0.02
8791,72 Treneris aiškino naują gynybos taktiką po rungtynių,6,0,0.886,0.029,0.029,0.029,0.029
5043,Didelė saugumo spraga paveikė milijonus vartotojų (Kaunas),7,4,0.025,0.025,0.025,0.025,0.9
24474,61 This trick will change your life forever,4,2,0.04,0.04,0.84,0.04,0.04
16070,"85 10 priežasčių, kodėl niekada nepirkti šio daikto — Find out why",6,0,0.886,0.029,0.029,0.029,0.029
16499,30 Star player signs a multi-year contract with club,7,0,0.9,0.025,0.025,0.025,0.025
9488,32 Star player signs a multi-year contract with club,7,0,0.9,0.025,0.025,0.025,0.025
2698,53 Stock market falls amid inflation concerns dėl rinkos reakcijos,8,4,0.022,0.022,0.022,0.022,0.911
4267,Star player signs a multi-year contract with club po pranešimo (Berlin),9,0,0.92,0.02,0.02,0.02,0.02
40631,66 Earnings beat expectations as revenue grows in cloud segment,7,3,0.025,0.025,0.025,0.9,0.025
6237,34 Apple unveils a new iPhone with advanced camera and AI features,8,3,0.022,0.022,0.022,0.911,0.022
2322,75 „Apple“ pristatė naują iPhone su pažangia kamera ir DI funkcijomis (New York),10,1,0.018,0.927,0.018,0.018,0.018
9387,54 Žvaigždė pasirašė daugiametę sutartį su klubu,5,0,0.867,0.033,0.033,0.033,0.033
34927,Messi scores a stunning goal in the Champions League match — analysts say (Paris),10,4,0.018,0.018,0.019,0.018,0.926
1369,16 Transfer rumors suggest a record deal for the young striker (Berlin),8,3,0.022,0.022,0.022,0.91,0.022
17002,49 Treneris aiškino naują gynybos taktiką po rungtynių,6,0,0.886,0.029,0.029,0.029,0.029
29527,85 Investors hedge inflation risk using index-linked bonds (Madrid),9,3,0.02,0.02,0.02,0.92,0.02
390,Apple unveils a new iPhone with advanced camera and AI features dėl rinkos reakcijos (Madrid),11,3,0.017,0.017,0.017,0.933,0.017
18478,24 Open-source libraries accelerate machine learning workflows,7,2,0.025,0.025,0.9,0.025,0.025
40213,28 Open-source libraries accelerate machine learning workflows,7,2,0.025,0.025,0.9,0.025,0.025
18785,31 Startuolis pritraukė 50 mln. USD DI platformos plėtrai,7,0,0.9,0.025,0.025,0.025,0.025
12739,62 10 reasons you should never buy this gadget,3,2,0.05,0.05,0.8,0.05,0.05
11133,"63 10 priežasčių, kodėl niekada nepirkti šio daikto",6,0,0.886,0.029,0.029,0.029,0.029
35679,This trick will change your life forever — You won't believe it (Paris),7,2,0.025,0.308,0.617,0.025,0.025
47735,20 Start-up raises $50 million to scale its AI platform dėl rinkos reakcijos,8,3,0.022,0.022,0.022,0.911,0.022
12,"10 priežasčių, kodėl niekada nepirkti šio daikto",6,0,0.886,0.029,0.029,0.029,0.029
12982,88 Start-up raises $50 million to scale its AI platform,6,3,0.029,0.029,0.029,0.886,0.029
12737,67 Apple unveils a new iPhone with advanced camera and AI features,8,3,0.022,0.022,0.022,0.911,0.022
18821,"Ji padarė X — kas nutiks toliau, pribloškia — You won't believe it (New York)",9,1,0.02,0.92,0.02,0.02,0.02
13850,15 Apple unveils a new iPhone with advanced camera and AI features analitikų teigimu,10,3,0.018,0.018,0.018,0.927,0.018
28066,67 Coach explains new defensive tactics after the game,6,2,0.029,0.029,0.885,0.029,0.029
39406,Apple unveils a new iPhone with advanced camera and AI features amid concerns (Kaunas),11,3,0.017,0.017,0.017,0.745,0.204
23362,2 10 reasons you should never buy this gadget,3,2,0.05,0.05,0.8,0.05,0.05
2998,Didelė saugumo spraga paveikė milijonus vartotojų (London),7,4,0.025,0.025,0.025,0.025,0.9
915,Apple unveils a new iPhone with advanced camera and AI features po pranešimo (Vilnius),10,3,0.018,0.018,0.018,0.927,0.018
929,Messi įmušė įspūdingą įvartį Lygų taurėje analitikų teigimu,8,2,0.022,0.022,0.91,0.022,0.023
193,35 Messi scores a stunning goal in the Champions League match po pranešimo,8,4,0.022,0.022,0.022,0.022,0.911
34397,53 Top 7 secrets companies don't want you to know (Kaunas),6,2,0.029,0.029,0.885,0.029,0.029
36870,36 Start-up raises $50 million to scale its AI platform,6,3,0.029,0.029,0.029,0.886,0.029
11738,64 This trick will change your life forever — Number 5 is shocking,6,2,0.029,0.029,0.885,0.029,0.029
32695,65 Local team wins national championship in overtime,6,4,0.029,0.029,0.029,0.029,0.886
23396,"81 Negalėsite patikėti, kas įvyko toliau",4,2,0.04,0.04,0.84,0.04,0.04
30,Kaip pagreitinti kompiuterį paprastais triukais,4,1,0.04,0.84,0.04,0.04,0.04
16351,"32 Central bank cuts rates, markets rally on dovish guidance dėl rinkos reakcijos",10,0,0.927,0.018,0.018,0.018,0.018
8236,62 Top 7 secrets companies don't want you to know — Number 5 is shocking,7,2,0.025,0.025,0.9,0.025,0.025
34184,90 Kaip pagreitinti kompiuterį paprastais triukais,4,1,0.04,0.84,0.04,0.04,0.04
18847,4 10 reasons you should never buy this gadget,3,2,0.05,0.05,0.8,0.05,0.05
8802,36 Analysts predict record profits for the banking sector — analysts say,8,4,0.022,0.022,0.022,0.022,0.911
13887,62 Kaip pagreitinti kompiuterį paprastais triukais (London),5,1,0.033,0.866,0.034,0.034,0.034
9313,6 Open-source libraries accelerate machine learning workflows,7,2,0.025,0.025,0.9,0.025,0.025
11906,79 This trick will change your life forever,4,2,0.04,0.04,0.84,0.04,0.04
730,Star player signs a multi-year contract with club after report,8,0,0.911,0.022,0.022,0.022,0.022
18741,18 Start-up raises $50 million to scale its AI platform,6,3,0.029,0.029,0.029,0.886,0.029
2170,Analysts predict record profits for the banking sector amid concerns,8,4,0.022,0.022,0.022,0.022,0.911
39947,Messi įmušė įspūdingą įvartį Lygų taurėje in a surprise move (Vilnius),8,2,0.022,0.022,0.91,0.023,0.022
17231,13 Investors hedge inflation risk using index-linked bonds,8,3,0.022,0.022,0.022,0.911,0.022
38091,"89 Negalėsite patikėti, kas įvyko toliau (Madrid)",5,2,0.034,0.034,0.865,0.033,0.033
18389,Startuolis pritraukė 50 mln. USD DI platformos plėtrai in a surprise move (Kaunas),9,0,0.92,0.02,0.02,0.02,0.02
35177,46 Earnings beat expectations as revenue grows in cloud segment in a surprise move,8,3,0.022,0.022,0.022,0.911,0.022
5740,46 Perėjimų gandai: jaunas puolėjas gali kainuoti rekordą,7,1,0.025,0.9,0.025,0.025,0.025
33748,12 Local team wins national championship in overtime,6,4,0.029,0.029,0.029,0.029,0.886
9103,60 Kaip pagreitinti kompiuterį paprastais triukais (New York),6,1,0.029,0.885,0.029,0.029,0.029
38070,95 Major security breach affects millions of users worldwide in a surprise move,8,1,0.022,0.911,0.022,0.022,0.022
117,Messi scores a stunning goal in the Champions League match,7,4,0.025,0.025,0.025,0.025,0.9
5989,81 Messi įmušė įspūdingą įvartį Lygų taurėje,6,2,0.029,0.029,0.886,0.029,0.029
2120,92 Start-up raises $50 million to scale its AI platform,6,3,0.029,0.029,0.029,0.886,0.029
34628,16 Perėjimų gandai: jaunas puolėjas gali kainuoti rekordą,7,1,0.025,0.9,0.025,0.025,0.025
21228,"33 Negalėsite patikėti, kas įvyko toliau — You won't believe it",6,2,0.029,0.388,0.526,0.029,0.029
27633,Major security breach affects millions of users worldwide po pranešimo (Kaunas),9,1,0.02,0.919,0.02,0.02,0.02
5046,95 Didelė saugumo spraga paveikė milijonus vartotojų,6,4,0.029,0.029,0.029,0.029,0.886
35005,83 This trick will change your life forever (Madrid),5,2,0.034,0.034,0.866,0.033,0.033
4270,„Apple“ pristatė naują iPhone su pažangia kamera ir DI funkcijomis as markets react,10,1,0.148,0.798,0.018,0.018,0.018
32588,63 How to speed up your computer with simple tweaks,4,3,0.04,0.04,0.04,0.84,0.04
32415,10 reasons you should never buy this gadget — You won't believe it (Madrid),6,2,0.029,0.396,0.518,0.029,0.029
13650,"49 10 priežasčių, kodėl niekada nepirkti šio daikto (New York)",8,0,0.91,0.022,0.022,0.022,0.022
33295,57 You won't believe what happened next (Kaunas),4,1,0.04,0.839,0.04,0.04,0.04
243,Open-source libraries accelerate machine learning workflows (Paris),8,2,0.022,0.022,0.911,0.022,0.022
22868,71 She did X — what happens next will shock you,3,1,0.05,0.8,0.05,0.05,0.05
25255,"77 Central bank cuts rates, markets rally on dovish guidance",8,0,0.911,0.022,0.022,0.022,0.022
9506,Major security breach affects millions of users worldwide — analysts say (Vilnius),10,1,0.018,0.732,0.018,0.018,0.213
43780,30 She did X — what happens next will shock you,3,1,0.05,0.8,0.05,0.05,0.05
15462,27 This trick will change your life forever (New York),6,2,0.029,0.029,0.885,0.029,0.029
2563,6 You won't believe what happened next,3,1,0.05,0.8,0.05,0.05,0.05
37621,"14 10 priežasčių, kodėl niekada nepirkti šio daikto",6,0,0.886,0.029,0.029,0.029,0.029
2675,„Apple“ pristatė naują iPhone su pažangia kamera ir DI funkcijomis amid concerns,10,1,0.018,0.745,0.018,0.018,0.2
7478,88 Earnings beat expectations as revenue grows in cloud segment,7,3,0.025,0.025,0.025,0.9,0.025
19095,38 Transfer rumors suggest a record deal for the young striker as markets react,9,3,0.021,0.02,0.02,0.919,0.02
33215,"80 Top 7 paslaptys, kurias įmonės nenori, kad žinotumėte — You won't believe it",6,2,0.029,0.314,0.6,0.029,0.029
1695,Coach explains new defensive tactics after the game in a surprise move,7,2,0.025,0.025,0.899,0.025,0.025
15501,7 Žvaigždė pasirašė daugiametę sutartį su klubu after report,6,0,0.886,0.029,0.029,0.029,0.029
454,Top 7 secrets companies don't want you to know (Paris),6,2,0.029,0.029,0.885,0.029,0.029
21468,40 Local team wins national championship in overtime po pranešimo,7,4,0.025,0.025,0.025,0.025,0.9
34368,29 Local team wins national championship in overtime,6,4,0.029,0.029,0.029,0.029,0.886
39148,9 Messi scores a stunning goal in the Champions League match,7,4,0.025,0.025,0.025,0.025,0.9
36456,32 Didelė saugumo spraga paveikė milijonus vartotojų,6,4,0.029,0.029,0.029,0.029,0.886
38397,59 Messi scores a stunning goal in the Champions League match,7,4,0.025,0.025,0.025,0.025,0.9
5197,71 Coach explains new defensive tactics after the game,6,2,0.029,0.029,0.885,0.029,0.029
3140,Kaip pagreitinti kompiuterį paprastais triukais (Kaunas),5,1,0.033,0.866,0.033,0.033,0.033
12390,Analysts predict record profits for the banking sector po pranešimo,7,4,0.025,0.025,0.025,0.025,0.9
203,57 Start-up raises $50 million to scale its AI platform (Paris),7,3,0.025,0.025,0.025,0.9,0.025
10367,"60 10 priežasčių, kodėl niekada nepirkti šio daikto — Read more (Madrid)",8,0,0.783,0.15,0.023,0.022,0.022
2639,Messi įmušė įspūdingą įvartį Lygų taurėje (Vilnius),7,2,0.025,0.025,0.899,0.025,0.025
34110,Coach explains new defensive tactics after the game as markets react (Berlin),9,2,0.252,0.02,0.687,0.02,0.02
17668,59 „Apple“ pristatė naują iPhone su pažangia kamera ir DI funkcijomis,8,1,0.022,0.911,0.022,0.022,0.022
6857,62 Perėjimų gandai: jaunas puolėjas gali kainuoti rekordą,7,1,0.025,0.9,0.025,0.025,0.025
42056,97 Earnings beat expectations as revenue grows in cloud segment dėl rinkos reakcijos,9,3,0.02,0.02,0.02,0.92,0.02
30081,38 How to speed up your computer with simple tweaks amid concerns (Kaunas),7,3,0.025,0.025,0.025,0.605,0.319
23620,90 This trick will change your life forever — Number 5 is shocking,6,2,0.029,0.029,0.885,0.029,0.029
41794,Major security breach affects millions of users worldwide as markets react (New York),11,1,0.117,0.832,0.017,0.017,0.017
9464,"Central bank cuts rates, markets rally on dovish guidance (New York)",10,0,0.927,0.018,0.018,0.018,0.018
27166,69 Žvaigždė pasirašė daugiametę sutartį su klubu,5,0,0.867,0.033,0.033,0.033,0.033
38906,99 Coach explains new defensive tactics after the game,6,2,0.029,0.029,0.885,0.029,0.029
14985,Star player signs a multi-year contract with club amid concerns,9,0,0.72,0.02,0.02,0.02,0.22
8160,Open-source libraries accelerate machine learning workflows — analysts say,9,2,0.02,0.02,0.72,0.02,0.22
11263,73 10 reasons you should never buy this gadget,3,2,0.05,0.05,0.8,0.05,0.05
35030,84 Treneris aiškino naują gynybos taktiką po rungtynių (Berlin),7,0,0.9,0.025,0.025,0.025,0.025
33527,98 Didelė saugumo spraga paveikė milijonus vartotojų,6,4,0.029,0.029,0.029,0.029,0.886
1607,47 Šis triukas pakeis jūsų gyvenimą amžiams,5,1,0.033,0.867,0.033,0.033,0.033
11931,3 This trick will change your life forever,4,2,0.04,0.04,0.84,0.04,0.04
17243,Kaip pagreitinti kompiuterį paprastais triukais dėl rinkos reakcijos (Berlin),7,1,0.025,0.899,0.025,0.025,0.025
1624,„Apple“ pristatė naują iPhone su pažangia kamera ir DI funkcijomis in a surprise move (Berlin),10,1,0.018,0.927,0.018,0.018,0.018
11518,58 Local team wins national championship in overtime dėl rinkos reakcijos,8,4,0.022,0.022,0.022,0.022,0.911
34595,12 Earnings beat expectations as revenue grows in cloud segment,7,3,0.025,0.025,0.025,0.9,0.025
66,Messi įmušė įspūdingą įvartį Lygų taurėje,6,2,0.029,0.029,0.886,0.029,0.029
3734,How to speed up your computer with simple tweaks (Madrid),5,3,0.034,0.034,0.034,0.866,0.033
13363,19 Apple unveils a new iPhone with advanced camera and AI features as markets react,10,3,0.019,0.018,0.018,0.926,0.018
7082,40 Messi scores a stunning goal in the Champions League match (Paris),8,4,0.023,0.023,0.023,0.023,0.909
4576,78 Didelė saugumo spraga paveikė milijonus vartotojų,6,4,0.029,0.029,0.029,0.029,0.886
31465,"83 Negalėsite patikėti, kas įvyko toliau",4,2,0.04,0.04,0.84,0.04,0.04
26686,70 Top 7 secrets companies don't want you to know,5,2,0.033,0.033,0.867,0.033,0.033
21479,„Apple“ pristatė naują iPhone su pažangia kamera ir DI funkcijomis analitikų teigimu (Vilnius),11,1,0.017,0.932,0.017,0.017,0.017
30808,39 Analysts predict record profits for the banking sector,6,4,0.029,0.029,0.029,0.029,0.886
9368,"Top 7 paslaptys, kurias įmonės nenori, kad žinotumėte — Read more (London)",6,2,0.029,0.029,0.885,0.029,0.029
1298,20 Investors hedge inflation risk using index-linked bonds,8,3,0.022,0.022,0.022,0.911,0.022
40925,75 You won't believe what happened next — You won't believe it,5,1,0.033,0.867,0.033,0.033,0.033
1429,50 Šis triukas pakeis jūsų gyvenimą amžiams,5,1,0.033,0.867,0.033,0.033,0.033
39164,65 10 reasons you should never buy this gadget,3,2,0.05,0.05,0.8,0.05,0.05
15450,Coach explains new defensive tactics after the game analitikų teigimu (New York),10,2,0.018,0.018,0.926,0.018,0.018
39062,36 This trick will change your life forever,4,2,0.04,0.04,0.84,0.04,0.04
31764,82 Earnings beat expectations as revenue grows in cloud segment,7,3,0.025,0.025,0.025,0.9,0.025
1694,Startuolis pritraukė 50 mln. USD DI platformos plėtrai in a surprise move,8,0,0.911,0.022,0.022,0.022,0.022
17888,"Ji padarė X — kas nutiks toliau, pribloškia — Find out why (London)",6,1,0.029,0.885,0.029,0.029,0.029
8692,39 Top 7 secrets companies don't want you to know,5,2,0.033,0.033,0.867,0.033,0.033
18427,"93 Central bank cuts rates, markets rally on dovish guidance",8,0,0.911,0.022,0.022,0.022,0.022
15557,27 Analysts predict record profits for the banking sector analitikų teigimu,8,4,0.022,0.022,0.022,0.022,0.911
9540,This trick will change your life forever — Number 5 is shocking (New York),8,2,0.022,0.023,0.91,0.022,0.022
236,Investors hedge inflation risk using index-linked bonds analitikų teigimu,10,3,0.018,0.018,0.018,0.927,0.018
21805,Earnings beat expectations as revenue grows in cloud segment po pranešimo (Vilnius),9,3,0.02,0.02,0.02,0.92,0.02
48144,87 Atviro kodo bibliotekos pagreitina mašininio mokymosi procesus (London),8,2,0.022,0.022,0.911,0.022,0.022
15907,41 You won't believe what happened next,3,1,0.05,0.8,0.05,0.05,0.05
41147,55 Analysts predict record profits for the banking sector,6,4,0.029,0.029,0.029,0.029,0.886
7509,52 Apple unveils a new iPhone with advanced camera and AI features,8,3,0.022,0.022,0.022,0.911,0.022
8215,51 Transfer rumors suggest a record deal for the young striker,7,3,0.025,0.025,0.025,0.9,0.025
28292,19 Messi scores a stunning goal in the Champions League match,7,4,0.025,0.025,0.025,0.025,0.9
3541,Startuolis pritraukė 50 mln. USD DI platformos plėtrai in a surprise move (New York),10,0,0.927,0.018,0.018,0.018,0.018
2462,Vietos komanda laimėjo nacionalinį čempionatą pratęsimuose dėl rinkos reakcijos,8,3,0.022,0.022,0.022,0.911,0.022
44877,This trick will change your life forever — Find out why (New York),6,2,0.029,0.029,0.885,0.029,0.029
48970,"92 10 priežasčių, kodėl niekada nepirkti šio daikto",6,0,0.886,0.029,0.029,0.029,0.029
11651,49 You won't believe what happened next (Kaunas),4,1,0.04,0.839,0.04,0.04,0.04
1015,Treneris aiškino naują gynybos taktiką po rungtynių dėl rinkos reakcijos (New York),10,0,0.926,0.018,0.018,0.018,0.018
1204,19 Major security breach affects millions of users worldwide,7,1,0.025,0.9,0.025,0.025,0.025
1725,Didelė saugumo spraga paveikė milijonus vartotojų analitikų teigimu,8,4,0.022,0.022,0.022,0.022,0.911
36541,52 Earnings beat expectations as revenue grows in cloud segment (Vilnius),8,3,0.022,0.022,0.022,0.911,0.022
4908,8 Earnings beat expectations as revenue grows in cloud segment,7,3,0.025,0.025,0.025,0.9,0.025
33310,4 She did X — what happens next will shock you — Read more,4,1,0.04,0.84,0.04,0.04,0.04
43965,68 Messi scores a stunning goal in the Champions League match (Vilnius),8,4,0.022,0.022,0.022,0.022,0.911
18911,28 Top 7 secrets companies don't want you to know,5,2,0.033,0.033,0.867,0.033,0.033
5579,30 Didelė saugumo spraga paveikė milijonus vartotojų,6,4,0.029,0.029,0.029,0.029,0.886
2995,59 This trick will change your life forever,4,2,0.04,0.04,0.84,0.04,0.04
13312,36 Žvaigždė pasirašė daugiametę sutartį su klubu,5,0,0.867,0.033,0.033,0.033,0.033
12155,37 You won't believe what happened next,3,1,0.05,0.8,0.05,0.05,0.05
9705,70 You won't believe what happened next (Vilnius),4,1,0.04,0.839,0.04,0.04,0.04
46927,76 She did X — what happens next will shock you (Paris),4,1,0.04,0.839,0.04,0.04,0.04
26006,76 You won't believe what happened next,3,1,0.05,0.8,0.05,0.05,0.05
566,Start-up raises $50 million to scale its AI platform (London),7,3,0.025,0.025,0.025,0.9,0.025
30179,2 Open-source libraries accelerate machine learning workflows,7,2,0.025,0.025,0.9,0.025,0.025
916,Investors hedge inflation risk using index-linked bonds amid concerns,10,3,0.018,0.018,0.018,0.716,0.23
43255,63 Vietos komanda laimėjo nacionalinį čempionatą pratęsimuose,6,3,0.029,0.029,0.029,0.886,0.029
6217,72 Earnings beat expectations as revenue grows in cloud segment,7,3,0.025,0.025,0.025,0.9,0.025
1752,Open-source libraries accelerate machine learning workflows amid concerns,9,2,0.02,0.02,0.72,0.02,0.22
8154,59 Stock market falls amid inflation concerns po pranešimo (Berlin),8,4,0.022,0.022,0.022,0.022,0.911
49770,49 You won't believe what happened next (New York),5,1,0.034,0.866,0.034,0.034,0.033
29396,"100 Central bank cuts rates, markets rally on dovish guidance",8,0,0.911,0.022,0.022,0.022,0.022
306,Stock market falls amid inflation concerns (London),7,4,0.025,0.025,0.025,0.025,0.9
41139,34 Investors hedge inflation risk using index-linked bonds,8,3,0.022,0.022,0.022,0.911,0.022
38126,57 You won't believe what happened next (Paris),4,1,0.04,0.839,0.04,0.04,0.04
12643,86 Šis triukas pakeis jūsų gyvenimą amžiams — Find out why (London),6,1,0.029,0.885,0.029,0.029,0.029
8323,76 Atviro kodo bibliotekos pagreitina mašininio mokymosi procesus,7,2,0.025,0.025,0.9,0.025,0.025
45030,68 Žvaigždė pasirašė daugiametę sutartį su klubu po pranešimo,6,0,0.885,0.029,0.029,0.029,0.029
11379,"27 10 priežasčių, kodėl niekada nepirkti šio daikto",6,0,0.886,0.029,0.029,0.029,0.029
23751,46 „Apple“ pristatė naują iPhone su pažangia kamera ir DI funkcijomis,8,1,0.022,0.911,0.022,0.022,0.022
33,This trick will change your life forever,4,2,0.04,0.04,0.84,0.04,0.04
5144,Local team wins national championship in overtime analitikų teigimu,8,4,0.022,0.022,0.022,0.022,0.911
31237,50 Top 7 secrets companies don't want you to know,5,2,0.033,0.033,0.867,0.033,0.033
49727,Coach explains new defensive tactics after the game amid concerns (London),9,2,0.02,0.02,0.7,0.02,0.24
37925,93 Local team wins national championship in overtime,6,4,0.029,0.029,0.029,0.029,0.886
3211,23 Coach explains new defensive tactics after the game,6,2,0.029,0.029,0.885,0.029,0.029
26065,74 Didelė saugumo spraga paveikė milijonus vartotojų,6,4,0.029,0.029,0.029,0.029,0.886
26496,2 Coach explains new defensive tactics after the game,6,2,0.029,0.029,0.885,0.029,0.029
4999,26 Local team wins national championship in overtime analitikų teigimu,8,4,0.022,0.022,0.022,0.022,0.911
22404,"82 Top 7 paslaptys, kurias įmonės nenori, kad žinotumėte — Number 5 is shocking",6,2,0.029,0.029,0.885,0.029,0.029
46409,94 Open-source libraries accelerate machine learning workflows,7,2,0.025,0.025,0.9,0.025,0.025
29329,13 Local team wins national championship in overtime,6,4,0.029,0.029,0.029,0.029,0.886
3547,78 Star player signs a multi-year contract with club in a surprise move,8,0,0.911,0.022,0.022,0.022,0.022
20589,"31 Top 7 paslaptys, kurias įmonės nenori, kad žinotumėte",4,2,0.04,0.04,0.84,0.04,0.04
48348,74 This trick will change your life forever — Number 5 is shocking,6,2,0.029,0.029,0.885,0.029,0.029
14065,This trick will change your life forever — Find out why (London),5,2,0.033,0.033,0.866,0.033,0.033
17815,82 Analysts predict record profits for the banking sector,6,4,0.029,0.029,0.029,0.029,0.886
44621,52 This trick will change your life forever (Paris),5,2,0.033,0.033,0.866,0.033,0.033
2209,Coach explains new defensive tactics after the game dėl rinkos reakcijos (London),9,2,0.02,0.02,0.918,0.02,0.02
12903,63 Investors hedge inflation risk using index-linked bonds,8,3,0.022,0.022,0.022,0.911,0.022
4144,Messi scores a stunning goal in the Champions League match analitikų teigimu (Madrid),10,4,0.018,0.018,0.018,0.018,0.927
21587,58 You won't believe what happened next (Berlin),4,1,0.04,0.839,0.04,0.04,0.04
42884,Treneris aiškino naują gynybos taktiką po rungtynių — analysts say (Kaunas),9,0,0.703,0.02,0.02,0.02,0.237
49014,94 Earnings beat expectations as revenue grows in cloud segment,7,3,0.025,0.025,0.025,0.9,0.025
14298,Messi įmušė įspūdingą įvartį Lygų taurėje po pranešimo (New York),9,2,0.02,0.02,0.919,0.02,0.02
41312,9 Žvaigždė pasirašė daugiametę sutartį su klubu (Paris),6,0,0.885,0.029,0.029,0.029,0.029
26377,14 Start-up raises $50 million to scale its AI platform (Paris),7,3,0.025,0.025,0.025,0.9,0.025
3070,Šis triukas pakeis jūsų gyvenimą amžiams — You won't believe it (New York),9,1,0.02,0.92,0.02,0.02,0.02
30040,66 Treneris aiškino naują gynybos taktiką po rungtynių dėl rinkos reakcijos,8,0,0.91,0.022,0.022,0.022,0.023
2227,Didelė saugumo spraga paveikė milijonus vartotojų as markets react,8,4,0.023,0.022,0.022,0.022,0.91
718,Treneris aiškino naują gynybos taktiką po rungtynių — analysts say,8,0,0.689,0.022,0.022,0.022,0.244
36168,79 Apple unveils a new iPhone with advanced camera and AI features analitikų teigimu,10,3,0.018,0.018,0.018,0.927,0.018
5232,33 Coach explains new defensive tactics after the game,6,2,0.029,0.029,0.885,0.029,0.029
8380,95 Vietos komanda laimėjo nacionalinį čempionatą pratęsimuose,6,3,0.029,0.029,0.029,0.886,0.029
9679,2 Perėjimų gandai: jaunas puolėjas gali kainuoti rekordą,7,1,0.025,0.9,0.025,0.025,0.025
103,She did X — what happens next will shock you (Berlin),4,1,0.04,0.839,0.04,0.04,0.04
653,Vietos komanda laimėjo nacionalinį čempionatą pratęsimuose (Paris),7,3,0.025,0.025,0.025,0.9,0.025
45835,56 This trick will change your life forever (London),5,2,0.033,0.033,0.866,0.033,0.033
7336,81 Major security breach affects millions of users worldwide,7,1,0.025,0.9,0.025,0.025,0.025
10589,Vietos komanda laimėjo nacionalinį čempionatą pratęsimuose in a surprise move (Vilnius),8,3,0.022,0.022,0.022,0.911,0.022
11328,25 Messi įmušė įspūdingą įvartį Lygų taurėje (London),7,2,0.025,0.025,0.9,0.025,0.025
20224,Messi scores a stunning goal in the Champions League match amid concerns (London),10,4,0.018,0.018,0.018,0.018,0.927
19620,87 She did X — what happens next will shock you,3,1,0.05,0.8,0.05,0.05,0.05
9211,45 Open-source libraries accelerate machine learning workflows,7,2,0.025,0.025,0.9,0.025,0.025
5278,Apple unveils a new iPhone with advanced camera and AI features in a surprise move,9,3,0.02,0.02,0.02,0.92,0.02
3960,67 Stock market falls amid inflation concerns,6,4,0.029,0.029,0.029,0.029,0.886
38195,Start-up raises $50 million to scale its AI platform as markets react (Berlin),9,3,0.021,0.02,0.02,0.919,0.02
119,63 This trick will change your life forever,4,2,0.04,0.04,0.84,0.04,0.04
49953,Stock market falls amid inflation concerns analitikų teigimu (New York),10,4,0.018,0.019,0.019,0.019,0.926
6838,Atviro kodo bibliotekos pagreitina mašininio mokymosi procesus (Paris),8,2,0.022,0.022,0.911,0.022,0.022
24068,76 10 reasons you should never buy this gadget,3,2,0.05,0.05,0.8,0.05,0.05
33328,"Central bank cuts rates, markets rally on dovish guidance in a surprise move (Vilnius)",10,0,0.927,0.018,0.018,0.018,0.018
13032,44 Earnings beat expectations as revenue grows in cloud segment,7,3,0.025,0.025,0.025,0.9,0.025
37136,Atviro kodo bibliotekos pagreitina mašininio mokymosi procesus analitikų teigimu (New York),11,2,0.017,0.017,0.933,0.017,0.017
40792,28 Stock market falls amid inflation concerns,6,4,0.029,0.029,0.029,0.029,0.886
43128,82 Atviro kodo bibliotekos pagreitina mašininio mokymosi procesus (Kaunas),8,2,0.022,0.022,0.911,0.022,0.022
9887,38 Analysts predict record profits for the banking sector,6,4,0.029,0.029,0.029,0.029,0.886
34571,"74 10 priežasčių, kodėl niekada nepirkti šio daikto",6,0,0.886,0.029,0.029,0.029,0.029
73,Didelė saugumo spraga paveikė milijonus vartotojų,6,4,0.029,0.029,0.029,0.029,0.886
8850,6 Investors hedge inflation risk using index-linked bonds (Vilnius),9,3,0.02,0.02,0.02,0.92,0.02
6918,"74 Central bank cuts rates, markets rally on dovish guidance",8,0,0.911,0.022,0.022,0.022,0.022
36629,"46 Central bank cuts rates, markets rally on dovish guidance",8,0,0.911,0.022,0.022,0.022,0.022
5375,Major security breach affects millions of users worldwide (New York),9,1,0.02,0.92,0.02,0.02,0.02
19553,39 Treneris aiškino naują gynybos taktiką po rungtynių (Kaunas),7,0,0.9,0.025,0.025,0.025,0.025
30927,30 Apple unveils a new iPhone with advanced camera and AI features in a surprise move,9,3,0.02,0.02,0.02,0.92,0.02
45581,7 Star player signs a multi-year contract with club (Paris),8,0,0.911,0.022,0.022,0.022,0.022
42733,"34 Central bank cuts rates, markets rally on dovish guidance",8,0,0.911,0.022,0.022,0.022,0.022
35641,34 Kaip pagreitinti kompiuterį paprastais triukais (Paris),5,1,0.033,0.866,0.034,0.033,0.033
38003,16 Apple unveils a new iPhone with advanced camera and AI features (London),9,3,0.02,0.02,0.02,0.92,0.02
13471,96 Top 7 secrets companies don't want you to know,5,2,0.033,0.033,0.867,0.033,0.033
6302,"92 Negalėsite patikėti, kas įvyko toliau — Find out why",4,2,0.04,0.04,0.84,0.04,0.04
39241,Kaip pagreitinti kompiuterį paprastais triukais as markets react (Vilnius),7,1,0.175,0.749,0.025,0.025,0.025
12350,67 Žvaigždė pasirašė daugiametę sutartį su klubu after report,6,0,0.886,0.029,0.029,0.029,0.029
31312,13 Coach explains new defensive tactics after the game,6,2,0.029,0.029,0.885,0.029,0.029
6069,45 Didelė saugumo spraga paveikė milijonus vartotojų,6,4,0.029,0.029,0.029,0.029,0.886
3839,80 How to speed up your computer with simple tweaks,4,3,0.04,0.04,0.04,0.84,0.04
5510,17 Investors hedge inflation risk using index-linked bonds analitikų teigimu,10,3,0.018,0.018,0.018,0.927,0.018
24039,99 Transfer rumors suggest a record deal for the young striker,7,3,0.025,0.025,0.025,0.9,0.025
3739,57 Startuolis pritraukė 50 mln. USD DI platformos plėtrai,7,0,0.9,0.025,0.025,0.025,0.025
27595,81 10 reasons you should never buy this gadget,3,2,0.05,0.05,0.8,0.05,0.05
2160,28 This trick will change your life forever (Kaunas),5,2,0.034,0.034,0.866,0.034,0.034
26287,"48 Negalėsite patikėti, kas įvyko toliau",4,2,0.04,0.04,0.84,0.04,0.04
365,28 Local team wins national championship in overtime,6,4,0.029,0.029,0.029,0.029,0.886
11964,27 Vietos komanda laimėjo nacionalinį čempionatą pratęsimuose (Vilnius),7,3,0.025,0.025,0.025,0.9,0.025
23210,"57 Top 7 paslaptys, kurias įmonės nenori, kad žinotumėte — Find out why (Paris)",5,2,0.033,0.033,0.866,0.033,0.033
20448,89 Stock market falls amid inflation concerns,6,4,0.029,0.029,0.029,0.029,0.886
34547,44 „Apple“ pristatė naują iPhone su pažangia kamera ir DI funkcijomis (Berlin),9,1,0.02,0.92,0.02,0.02,0.02
10935,This trick will change your life forever — Find out why (Madrid),5,2,0.034,0.034,0.866,0.033,0.033
6078,"Negalėsite patikėti, kas įvyko toliau — Find out why (Paris)",5,2,0.033,0.034,0.866,0.033,0.033
13329,43 Treneris aiškino naują gynybos taktiką po rungtynių (London),7,0,0.899,0.025,0.025,0.025,0.025
9104,56 Perėjimų gandai: jaunas puolėjas gali kainuoti rekordą dėl rinkos reakcijos,9,1,0.02,0.919,0.02,0.02,0.02
32745,67 „Apple“ pristatė naują iPhone su pažangia kamera ir DI funkcijomis,8,1,0.022,0.911,0.022,0.022,0.022
18868,88 Open-source libraries accelerate machine learning workflows (Paris),8,2,0.022,0.022,0.911,0.022,0.022
26766,79 You won't believe what happened next (London),4,1,0.04,0.839,0.041,0.04,0.04
29366,"55 Ji padarė X — kas nutiks toliau, pribloškia — You won't believe it (Paris)",8,1,0.022,0.911,0.022,0.022,0.022
38922,14 10 reasons you should never buy this gadget,3,2,0.05,0.05,0.8,0.05,0.05
621,Žvaigždė pasirašė daugiametę sutartį su klubu po pranešimo,6,0,0.885,0.029,0.029,0.029,0.029
21843,53 „Apple“ pristatė naują iPhone su pažangia kamera ir DI funkcijomis (Paris),9,1,0.02,0.92,0.02,0.02,0.02
20977,82 Top 7 secrets companies don't want you to know,5,2,0.033,0.033,0.867,0.033,0.033
32578,Stock market falls amid inflation concerns as markets react (Berlin),9,4,0.021,0.02,0.02,0.02,0.919
43459,79 Vietos komanda laimėjo nacionalinį čempionatą pratęsimuose (Vilnius),7,3,0.025,0.025,0.025,0.9,0.025
13137,59 Atviro kodo bibliotekos pagreitina mašininio mokymosi procesus amid concerns,9,2,0.02,0.02,0.72,0.02,0.22
23700,80 Messi įmušė įspūdingą įvartį Lygų taurėje (Paris),7,2,0.025,0.025,0.9,0.025,0.025
9409,"29 10 priežasčių, kodėl niekada nepirkti šio daikto — Read more",7,0,0.776,0.149,0.026,0.025,0.025
4959,37 Stock market falls amid inflation concerns amid concerns (Berlin),9,4,0.02,0.02,0.02,0.02,0.92
18330,"89 Negalėsite patikėti, kas įvyko toliau — Find out why",4,2,0.04,0.04,0.84,0.04,0.04
1849,18 Atviro kodo bibliotekos pagreitina mašininio mokymosi procesus,7,2,0.025,0.025,0.9,0.025,0.025
1373,"Central bank cuts rates, markets rally on dovish guidance (Madrid)",9,0,0.92,0.02,0.02,0.02,0.02
8193,75 Start-up raises $50 million to scale its AI platform,6,3,0.029,0.029,0.029,0.886,0.029
48215,64 10 reasons you should never buy this gadget (Vilnius),4,2,0.04,0.04,0.839,0.04,0.04
8941,"12 Central bank cuts rates, markets rally on dovish guidance",8,0,0.911,0.022,0.022,0.022,0.022
10970,82 Messi įmušė įspūdingą įvartį Lygų taurėje,6,2,0.029,0.029,0.886,0.029,0.029
33095,43 Open-source libraries accelerate machine learning workflows,7,2,0.025,0.025,0.9,0.025,0.025
19,Start-up raises $50 million to scale its AI platform (Madrid),7,3,0.025,0.025,0.025,0.899,0.025
20772,Earnings beat expectations as revenue grows in cloud segment amid concerns (Kaunas),10,3,0.018,0.018,0.018,0.724,0.221
3169,57 Investors hedge inflation risk using index-linked bonds,8,3,0.022,0.022,0.022,0.911,0.022
13576,54 Investors hedge inflation risk using index-linked bonds,8,3,0.022,0.022,0.022,0.911,0.022
13955,66 Open-source libraries accelerate machine learning workflows,7,2,0.025,0.025,0.9,0.025,0.025
7798,Perėjimų gandai: jaunas puolėjas gali kainuoti rekordą as markets react (Madrid),10,1,0.124,0.821,0.018,0.018,0.018
8443,69 Perėjimų gandai: jaunas puolėjas gali kainuoti rekordą,7,1,0.025,0.9,0.025,0.025,0.025
1198,Local team wins national championship in overtime po pranešimo,7,4,0.025,0.025,0.025,0.025,0.9
643,Kaip pagreitinti kompiuterį paprastais triukais (Madrid),5,1,0.033,0.866,0.033,0.033,0.033
29330,84 How to speed up your computer with simple tweaks,4,3,0.04,0.04,0.04,0.84,0.04
6366,Šis triukas pakeis jūsų gyvenimą amžiams (Madrid),6,1,0.029,0.885,0.029,0.029,0.029
7098,70 She did X — what happens next will shock you,3,1,0.05,0.8,0.05,0.05,0.05
4596,88 Coach explains new defensive tactics after the game,6,2,0.029,0.029,0.885,0.029,0.029
3740,Šis triukas pakeis jūsų gyvenimą amžiams — Find out why (New York),7,1,0.025,0.899,0.025,0.025,0.025
24754,"20 Central bank cuts rates, markets rally on dovish guidance",8,0,0.911,0.022,0.022,0.022,0.022
44100,63 Transfer rumors suggest a record deal for the young striker po pranešimo,8,3,0.022,0.022,0.022,0.911,0.022
41797,Kaip pagreitinti kompiuterį paprastais triukais amid concerns (Kaunas),7,1,0.025,0.623,0.025,0.025,0.301
24037,31 Šis triukas pakeis jūsų gyvenimą amžiams (London),6,1,0.029,0.885,0.029,0.029,0.029
2938,"Top 7 paslaptys, kurias įmonės nenori, kad žinotumėte (New York)",6,2,0.029,0.029,0.885,0.029,0.029
19902,"19 10 priežasčių, kodėl niekada nepirkti šio daikto — You won't believe it",8,0,0.689,0.244,0.022,0.022,0.022
26966,47 How to speed up your computer with simple tweaks,4,3,0.04,0.04,0.04,0.84,0.04
39129,"Central bank cuts rates, markets rally on dovish guidance amid concerns (Madrid)",11,0,0.757,0.017,0.017,0.017,0.193
27034,69 Top 7 secrets companies don't want you to know,5,2,0.033,0.033,0.867,0.033,0.033
32645,12 This trick will change your life forever,4,2,0.04,0.04,0.84,0.04,0.04
27903,17 Start-up raises $50 million to scale its AI platform,6,3,0.029,0.029,0.029,0.886,0.029
25734,Startuolis pritraukė 50 mln. USD DI platformos plėtrai analitikų teigimu (Paris),10,0,0.926,0.018,0.018,0.018,0.018
18078,Major security breach affects millions of users worldwide analitikų teigimu (Madrid),10,1,0.018,0.926,0.018,0.018,0.019
11153,90 Top 7 secrets companies don't want you to know (Kaunas),6,2,0.029,0.029,0.885,0.029,0.029
29762,"96 Top 7 paslaptys, kurias įmonės nenori, kad žinotumėte (London)",5,2,0.033,0.033,0.866,0.033,0.033
3668,11 Messi scores a stunning goal in the Champions League match,7,4,0.025,0.025,0.025,0.025,0.9
39488,69 Transfer rumors suggest a record deal for the young striker,7,3,0.025,0.025,0.025,0.9,0.025
29264,Šis triukas pakeis jūsų gyvenimą amžiams — Number 5 is shocking (Madrid),8,1,0.022,0.911,0.022,0.022,0.022
80,Start-up raises $50 million to scale its AI platform,6,3,0.029,0.029,0.029,0.886,0.029
2246,2 Messi įmušė įspūdingą įvartį Lygų taurėje,6,2,0.029,0.029,0.886,0.029,0.029
43458,41 Kaip pagreitinti kompiuterį paprastais triukais,4,1,0.04,0.84,0.04,0.04,0.04
30382,"10 Top 7 paslaptys, kurias įmonės nenori, kad žinotumėte",4,2,0.04,0.04,0.84,0.04,0.04
1876,32 Šis triukas pakeis jūsų gyvenimą amžiams — Find out why,5,1,0.033,0.867,0.033,0.033,0.033
25056,52 Stock market falls amid inflation concerns after report,7,4,0.025,0.025,0.025,0.025,0.9
17571,How to speed up your computer with simple tweaks amid concerns (Vilnius),7,3,0.025,0.025,0.025,0.621,0.304
1518,Apple unveils a new iPhone with advanced camera and AI features amid concerns,10,3,0.018,0.018,0.018,0.742,0.204
33605,75 How to speed up your computer with simple tweaks,4,3,0.04,0.04,0.04,0.84,0.04
38673,66 Perėjimų gandai: jaunas puolėjas gali kainuoti rekordą dėl rinkos reakcijos,9,1,0.02,0.919,0.02,0.02,0.02
48621,41 She did X — what happens next will shock you,3,1,0.05,0.8,0.05,0.05,0.05
6693,Star player signs a multi-year contract with club dėl rinkos reakcijos (New York),11,0,0.933,0.017,0.017,0.017,0.017
8784,99 Top 7 secrets companies don't want you to know,5,2,0.033,0.033,0.867,0.033,0.033
41786,7 „Apple“ pristatė naują iPhone su pažangia kamera ir DI funkcijomis,8,1,0.022,0.911,0.022,0.022,0.022
26342,15 Apple unveils a new iPhone with advanced camera and AI features (Paris),9,3,0.02,0.02,0.02,0.919,0.02
45645,68 Stock market falls amid inflation concerns dėl rinkos reakcijos,8,4,0.022,0.022,0.022,0.022,0.911
42975,11 Didelė saugumo spraga paveikė milijonus vartotojų dėl rinkos reakcijos (Vilnius),9,4,0.02,0.02,0.02,0.02,0.919
46906,23 This trick will change your life forever (Paris),5,2,0.033,0.033,0.866,0.033,0.033
41077,83 Atviro kodo bibliotekos pagreitina mašininio mokymosi procesus,7,2,0.025,0.025,0.9,0.025,0.025
264,71 „Apple“ pristatė naują iPhone su pažangia kamera ir DI funkcijomis,8,1,0.022,0.911,0.022,0.022,0.022
8729,3 Perėjimų gandai: jaunas puolėjas gali kainuoti rekordą,7,1,0.025,0.9,0.025,0.025,0.025
7330,81 She did X — what happens next will shock you,3,1,0.05,0.8,0.05,0.05,0.05
48521,96 Investors hedge inflation risk using index-linked bonds (Berlin),9,3,0.02,0.02,0.02,0.919,0.02
7513,45 This trick will change your life forever,4,2,0.04,0.04,0.84,0.04,0.04
303,Open-source libraries accelerate machine learning workflows (Berlin),8,2,0.022,0.022,0.911,0.022,0.022
16603,"59 10 priežasčių, kodėl niekada nepirkti šio daikto",6,0,0.886,0.029,0.029,0.029,0.029
11148,How to speed up your computer with simple tweaks analitikų teigimu (London),7,3,0.025,0.025,0.025,0.899,0.025
30290,2 This trick will change your life forever (Berlin),5,2,0.033,0.034,0.866,0.033,0.033
39939,72 Coach explains new defensive tactics after the game,6,2,0.029,0.029,0.885,0.029,0.029
22198,"26 Top 7 paslaptys, kurias įmonės nenori, kad žinotumėte (Berlin)",5,2,0.033,0.034,0.866,0.033,0.033
1775,"Ji padarė X — kas nutiks toliau, pribloškia — Number 5 is shocking (Berlin)",8,1,0.022,0.911,0.022,0.022,0.022
35126,"7 10 priežasčių, kodėl niekada nepirkti šio daikto — You won't believe it (Berlin)",9,0,0.687,0.253,0.02,0.02,0.02
46910,"25 Ji padarė X — kas nutiks toliau, pribloškia — Number 5 is shocking (Berlin)",8,1,0.022,0.911,0.022,0.022,0.022
19006,You won't believe what happened next — You won't believe it (New York),7,1,0.025,0.899,0.025,0.025,0.025
30800,Stock market falls amid inflation concerns po pranešimo (Madrid),8,4,0.022,0.022,0.022,0.022,0.91
3497,This trick will change your life forever (Berlin),5,2,0.033,0.034,0.866,0.033,0.033
716,Perėjimų gandai: jaunas puolėjas gali kainuoti rekordą (New York),9,1,0.02,0.92,0.02,0.02,0.02
34286,"7 Central bank cuts rates, markets rally on dovish guidance",8,0,0.911,0.022,0.022,0.022,0.022
10698,60 10 reasons you should never buy this gadget (Vilnius),4,2,0.04,0.04,0.839,0.04,0.04
272,"Ji padarė X — kas nutiks toliau, pribloškia — Find out why",5,1,0.033,0.867,0.033,0.033,0.033
9466,45 Treneris aiškino naują gynybos taktiką po rungtynių,6,0,0.886,0.029,0.029,0.029,0.029
41526,38 She did X — what happens next will shock you — Read more,4,1,0.04,0.84,0.04,0.04,0.04
26028,83 This trick will change your life forever,4,2,0.04,0.04,0.84,0.04,0.04
5381,How to speed up your computer with simple tweaks po pranešimo (Madrid),6,3,0.029,0.029,0.029,0.884,0.029
2079,63 Top 7 secrets companies don't want you to know,5,2,0.033,0.033,0.867,0.033,0.033
31056,61 Apple unveils a new iPhone with advanced camera and AI features,8,3,0.022,0.022,0.022,0.911,0.022
5180,Apple unveils a new iPhone with advanced camera and AI features as markets react,10,3,0.019,0.018,0.018,0.926,0.018
15485,40 This trick will change your life forever,4,2,0.04,0.04,0.84,0.04,0.04
3542,Messi įmušė įspūdingą įvartį Lygų taurėje amid concerns (New York),10,2,0.018,0.018,0.707,0.018,0.238
31605,32 Analysts predict record profits for the banking sector po pranešimo,7,4,0.025,0.025,0.025,0.025,0.9
5163,60 You won't believe what happened next,3,1,0.05,0.8,0.05,0.05,0.05
19389,58 You won't believe what happened next,3,1,0.05,0.8,0.05,0.05,0.05
37937,50 Šis triukas pakeis jūsų gyvenimą amžiams — You won't believe it,7,1,0.025,0.9,0.025,0.025,0.025
7433,"53 Ji padarė X — kas nutiks toliau, pribloškia",5,1,0.033,0.867,0.033,0.033,0.033
21254,"Top 7 paslaptys, kurias įmonės nenori, kad žinotumėte — Find out why (Madrid)",5,2,0.034,0.034,0.866,0.033,0.033
40718,72 Kaip pagreitinti kompiuterį paprastais triukais,4,1,0.04,0.84,0.04,0.04,0.04
1000,3 Earnings beat expectations as revenue grows in cloud segment,7,3,0.025,0.025,0.025,0.9,0.025
30887,17 You won't believe what happened next — Number 5 is shocking (Paris),6,1,0.029,0.885,0.029,0.029,0.029
32620,Messi įmušė įspūdingą įvartį Lygų taurėje as markets react (New York),10,2,0.23,0.019,0.714,0.018,0.018
854,10 reasons you should never buy this gadget — Find out why (London),4,2,0.04,0.04,0.839,0.04,0.04
21559,83 Kaip pagreitinti kompiuterį paprastais triukais — analysts say,6,1,0.029,0.6,0.029,0.029,0.314
28757,Vietos komanda laimėjo nacionalinį čempionatą pratęsimuose amid concerns (London),9,3,0.02,0.02,0.02,0.7,0.24
37887,2 Vietos komanda laimėjo nacionalinį čempionatą pratęsimuose,6,3,0.029,0.029,0.029,0.886,0.029
21941,"40 Ji padarė X — kas nutiks toliau, pribloškia",5,1,0.033,0.867,0.033,0.033,0.033
2258,Investors hedge inflation risk using index-linked bonds after report,9,3,0.02,0.02,0.02,0.919,0.02
20312,"94 Top 7 paslaptys, kurias įmonės nenori, kad žinotumėte",4,2,0.04,0.04,0.84,0.04,0.04
4164,Transfer rumors suggest a record deal for the young striker as markets react,9,3,0.021,0.02,0.02,0.919,0.02
3273,Treneris aiškino naują gynybos taktiką po rungtynių analitikų teigimu,8,0,0.91,0.022,0.022,0.022,0.023
15587,5 Earnings beat expectations as revenue grows in cloud segment,7,3,0.025,0.025,0.025,0.9,0.025
44207,45 Local team wins national championship in overtime (Berlin),7,4,0.025,0.025,0.025,0.025,0.9
31428,Startuolis pritraukė 50 mln. USD DI platformos plėtrai po pranešimo (Paris),9,0,0.92,0.02,0.02,0.02,0.02
47356,"96 Top 7 paslaptys, kurias įmonės nenori, kad žinotumėte",4,2,0.04,0.04,0.84,0.04,0.04
28364,Startuolis pritraukė 50 mln. USD DI platformos plėtrai as markets react (Berlin),10,0,0.927,0.018,0.018,0.018,0.018
932,Analysts predict record profits for the banking sector (New York),8,4,0.023,0.023,0.023,0.023,0.909
37285,64 You won't believe what happened next,3,1,0.05,0.8,0.05,0.05,0.05
47402,20 Stock market falls amid inflation concerns,6,4,0.029,0.029,0.029,0.029,0.886
27810,31 You won't believe what happened next,3,1,0.05,0.8,0.05,0.05,0.05
4190,10 Earnings beat expectations as revenue grows in cloud segment,7,3,0.025,0.025,0.025,0.9,0.025
25655,25 Major security breach affects millions of users worldwide (Vilnius),8,1,0.022,0.911,0.022,0.022,0.022
4054,Star player signs a multi-year contract with club after report (Madrid),9,0,0.92,0.02,0.02,0.02,0.02
20983,13 Didelė saugumo spraga paveikė milijonus vartotojų (Kaunas),7,4,0.025,0.025,0.025,0.025,0.9
41193,16 Messi įmušė įspūdingą įvartį Lygų taurėje,6,2,0.029,0.029,0.886,0.029,0.029
15680,41 Earnings beat expectations as revenue grows in cloud segment amid concerns,9,3,0.02,0.02,0.02,0.72,0.22
27366,68 Start-up raises $50 million to scale its AI platform,6,3,0.029,0.029,0.029,0.886,0.029
10048,Transfer rumors suggest a record deal for the young striker (New York),9,3,0.02,0.021,0.02,0.919,0.02
12630,52 Apple unveils a new iPhone with advanced camera and AI features — analysts say,10,3,0.018,0.018,0.018,0.926,0.019
43655,38 This trick will change your life forever — You won't believe it,6,2,0.029,0.314,0.6,0.029,0.029
10363,34 Stock market falls amid inflation concerns (Kaunas),7,4,0.025,0.025,0.025,0.025,0.899
1216,47 She did X — what happens next will shock you (London),4,1,0.04,0.839,0.041,0.04,0.04
32993,61 10 reasons you should never buy this gadget,3,2,0.05,0.05,0.8,0.05,0.05
13628,57 Analysts predict record profits for the banking sector,6,4,0.029,0.029,0.029,0.029,0.886
2551,7 Kaip pagreitinti kompiuterį paprastais triukais dėl rinkos reakcijos (New York),8,1,0.022,0.91,0.022,0.023,0.023
34143,Investors hedge inflation risk using index-linked bonds dėl rinkos reakcijos (Vilnius),11,3,0.017,0.017,0.017,0.933,0.017
30002,38 How to speed up your computer with simple tweaks,4,3,0.04,0.04,0.04,0.84,0.04
27799,53 Stock market falls amid inflation concerns analitikų teigimu,8,4,0.022,0.022,0.022,0.022,0.911
8554,"Negalėsite patikėti, kas įvyko toliau (Vilnius)",5,2,0.033,0.034,0.866,0.034,0.034
6443,22 Major security breach affects millions of users worldwide,7,1,0.025,0.9,0.025,0.025,0.025
31975,74 Top 7 secrets companies don't want you to know,5,2,0.033,0.033,0.867,0.033,0.033
9077,78 This trick will change your life forever — Number 5 is shocking,6,2,0.029,0.029,0.885,0.029,0.029
44600,This trick will change your life forever — Read more (Madrid),6,2,0.029,0.029,0.885,0.029,0.029
3627,"17 10 priežasčių, kodėl niekada nepirkti šio daikto — Read more (Berlin)",8,0,0.781,0.152,0.023,0.022,0.022
31037,„Apple“ pristatė naują iPhone su pažangia kamera ir DI funkcijomis amid concerns (Madrid),11,1,0.017,0.761,0.017,0.017,0.189
19178,2 Stock market falls amid inflation concerns,6,4,0.029,0.029,0.029,0.029,0.886
41819,66 Investors hedge inflation risk using index-linked bonds,8,3,0.022,0.022,0.022,0.911,0.022
445,Top 7 secrets companies don't want you to know (London),6,2,0.029,0.029,0.885,0.029,0.029
43831,72 Startuolis pritraukė 50 mln. USD DI platformos plėtrai (Kaunas),8,0,0.911,0.022,0.022,0.022,0.022
10871,70 Open-source libraries accelerate machine learning workflows,7,2,0.025,0.025,0.9,0.025,0.025
70,Analysts predict record profits for the banking sector (London),7,4,0.025,0.025,0.025,0.025,0.9
19912,29 Stock market falls amid inflation concerns,6,4,0.029,0.029,0.029,0.029,0.886
16170,100 Messi įmušė įspūdingą įvartį Lygų taurėje po pranešimo,7,2,0.025,0.025,0.899,0.025,0.025
37739,37 Didelė saugumo spraga paveikė milijonus vartotojų,6,4,0.029,0.029,0.029,0.029,0.886
4435,98 Apple unveils a new iPhone with advanced camera and AI features,8,3,0.022,0.022,0.022,0.911,0.022
7786,Messi įmušė įspūdingą įvartį Lygų taurėje po pranešimo (Madrid),8,2,0.022,0.022,0.91,0.022,0.023
4633,12 Perėjimų gandai: jaunas puolėjas gali kainuoti rekordą (New York),9,1,0.02,0.92,0.02,0.02,0.02
13344,Messi įmušė įspūdingą įvartį Lygų taurėje in a surprise move,7,2,0.025,0.025,0.899,0.025,0.025
10769,18 Didelė saugumo spraga paveikė milijonus vartotojų dėl rinkos reakcijos,8,4,0.022,0.022,0.022,0.022,0.911
9249,8 Messi scores a stunning goal in the Champions League match (Berlin),8,4,0.022,0.022,0.022,0.022,0.911
24129,16 Apple unveils a new iPhone with advanced camera and AI features po pranešimo,9,3,0.02,0.02,0.02,0.92,0.02
33268,Local team wins national championship in overtime analitikų teigimu (New York),10,4,0.018,0.019,0.019,0.019,0.926
38602,Kaip pagreitinti kompiuterį paprastais triukais analitikų teigimu (Paris),7,1,0.025,0.898,0.025,0.025,0.026
32611,33 Stock market falls amid inflation concerns,6,4,0.029,0.029,0.029,0.029,0.886
8315,"Ji padarė X — kas nutiks toliau, pribloškia — Find out why (Paris)",6,1,0.029,0.885,0.029,0.029,0.029
29741,50 She did X — what happens next will shock you,3,1,0.05,0.8,0.05,0.05,0.05
40424,71 10 reasons you should never buy this gadget (New York),5,2,0.034,0.034,0.866,0.034,0.033
27328,10 reasons you should never buy this gadget — Read more (New York),6,2,0.029,0.029,0.885,0.029,0.029
12256,41 Top 7 secrets companies don't want you to know,5,2,0.033,0.033,0.867,0.033,0.033
10096,"10 priežasčių, kodėl niekada nepirkti šio daikto — Find out why (Madrid)",7,0,0.9,0.025,0.025,0.025,0.025
17771,40 Star player signs a multi-year contract with club,7,0,0.9,0.025,0.025,0.025,0.025
23741,Treneris aiškino naują gynybos taktiką po rungtynių amid concerns (Vilnius),9,0,0.683,0.02,0.02,0.02,0.256
32654,65 Treneris aiškino naują gynybos taktiką po rungtynių (London),7,0,0.899,0.025,0.025,0.025,0.025
8801,91 You won't believe what happened next (London),4,1,0.04,0.839,0.041,0.04,0.04
24143,67 Messi scores a stunning goal in the Champions League match,7,4,0.025,0.025,0.025,0.025,0.9
3163,Treneris aiškino naują gynybos taktiką po rungtynių (Kaunas),7,0,0.9,0.025,0.025,0.025,0.025
43387,12 „Apple“ pristatė naują iPhone su pažangia kamera ir DI funkcijomis,8,1,0.022,0.911,0.022,0.022,0.022
14894,50 Star player signs a multi-year contract with club,7,0,0.9,0.025,0.025,0.025,0.025
38864,41 Vietos komanda laimėjo nacionalinį čempionatą pratęsimuose (London),7,3,0.025,0.025,0.025,0.9,0.025
18558,21 Start-up raises $50 million to scale its AI platform,6,3,0.029,0.029,0.029,0.886,0.029
8346,43 Treneris aiškino naują gynybos taktiką po rungtynių amid concerns,8,0,0.689,0.022,0.022,0.022,0.244
25449,97 You won't believe what happened next (Berlin),4,1,0.04,0.839,0.04,0.04,0.04
45026,85 Vietos komanda laimėjo nacionalinį čempionatą pratęsimuose,6,3,0.029,0.029,0.029,0.886,0.029
12469,74 Star player signs a multi-year contract with club po pranešimo,8,0,0.911,0.022,0.022,0.022,0.022
1120,86 She did X — what happens next will shock you (Vilnius),4,1,0.04,0.839,0.04,0.04,0.04
36552,60 Startuolis pritraukė 50 mln. USD DI platformos plėtrai,7,0,0.9,0.025,0.025,0.025,0.025
11193,28 Startuolis pritraukė 50 mln. USD DI platformos plėtrai,7,0,0.9,0.025,0.025,0.025,0.025
19632,94 Transfer rumors suggest a record deal for the young striker dėl rinkos reakcijos,9,3,0.02,0.02,0.02,0.92,0.02
48942,73 Open-source libraries accelerate machine learning workflows,7,2,0.025,0.025,0.9,0.025,0.025
970,Perėjimų gandai: jaunas puolėjas gali kainuoti rekordą (Berlin),8,1,0.022,0.911,0.022,0.022,0.022
45713,"58 Negalėsite patikėti, kas įvyko toliau — Find out why",4,2,0.04,0.04,0.84,0.04,0.04
21131,62 Start-up raises $50 million to scale its AI platform,6,3,0.029,0.029,0.029,0.886,0.029
37313,31 Atviro kodo bibliotekos pagreitina mašininio mokymosi procesus,7,2,0.025,0.025,0.9,0.025,0.025
12383,60 Earnings beat expectations as revenue grows in cloud segment (Vilnius),8,3,0.022,0.022,0.022,0.911,0.022
3090,47 Apple unveils a new iPhone with advanced camera and AI features (Berlin),9,3,0.02,0.02,0.02,0.919,0.02
31650,78 Messi įmušė įspūdingą įvartį Lygų taurėje,6,2,0.029,0.029,0.886,0.029,0.029
17655,79 Open-source libraries accelerate machine learning workflows analitikų teigimu,9,2,0.02,0.02,0.919,0.02,0.02
4897,21 She did X — what happens next will shock you,3,1,0.05,0.8,0.05,0.05,0.05
21,Kaip pagreitinti kompiuterį paprastais triukais — analysts say,6,1,0.029,0.6,0.029,0.029,0.314
35258,94 Analysts predict record profits for the banking sector analitikų teigimu,8,4,0.022,0.022,0.022,0.022,0.911
18815,13 Stock market falls amid inflation concerns,6,4,0.029,0.029,0.029,0.029,0.886
3004,70 Vietos komanda laimėjo nacionalinį čempionatą pratęsimuose,6,3,0.029,0.029,0.029,0.886,0.029
16304,53 Atviro kodo bibliotekos pagreitina mašininio mokymosi procesus (Berlin),8,2,0.022,0.022,0.911,0.022,0.022
26422,78 Žvaigždė pasirašė daugiametę sutartį su klubu po pranešimo,6,0,0.885,0.029,0.029,0.029,0.029
1481,29 Star player signs a multi-year contract with club,7,0,0.9,0.025,0.025,0.025,0.025
20736,47 Žvaigždė pasirašė daugiametę sutartį su klubu,5,0,0.867,0.033,0.033,0.033,0.033
3362,Žvaigždė pasirašė daugiametę sutartį su klubu amid concerns,7,0,0.65,0.025,0.025,0.025,0.275
26186,73 Start-up raises $50 million to scale its AI platform,6,3,0.029,0.029,0.029,0.886,0.029
47334,"29 Central bank cuts rates, markets rally on dovish guidance",8,0,0.911,0.022,0.022,0.022,0.022
44637,28 Perėjimų gandai: jaunas puolėjas gali kainuoti rekordą dėl rinkos reakcijos (Vilnius),10,1,0.018,0.927,0.018,0.018,0.018
5454,"16 Negalėsite patikėti, kas įvyko toliau",4,2,0.04,0.04,0.84,0.04,0.04
34024,Kaip pagreitinti kompiuterį paprastais triukais in a surprise move (New York),7,1,0.025,0.899,0.025,0.025,0.025
22817,21 Transfer rumors suggest a record deal for the young striker in a surprise move,8,3,0.022,0.022,0.022,0.911,0.022
14297,12 Vietos komanda laimėjo nacionalinį čempionatą pratęsimuose (Paris),7,3,0.025,0.025,0.025,0.9,0.025
10908,3 Atviro kodo bibliotekos pagreitina mašininio mokymosi procesus analitikų teigimu (Paris),10,2,0.018,0.018,0.927,0.018,0.018
2153,50 Analysts predict record profits for the banking sector (London),7,4,0.025,0.025,0.025,0.025,0.9
524,10 „Apple“ pristatė naują iPhone su pažangia kamera ir DI funkcijomis,8,1,0.022,0.911,0.022,0.022,0.022
34912,95 She did X — what happens next will shock you — Find out why,3,1,0.05,0.8,0.05,0.05,0.05
14481,35 She did X — what happens next will shock you (Vilnius),4,1,0.04,0.839,0.04,0.04,0.04
13821,37 Messi įmušė įspūdingą įvartį Lygų taurėje,6,2,0.029,0.029,0.886,0.029,0.029
8261,25 Top 7 secrets companies don't want you to know,5,2,0.033,0.033,0.867,0.033,0.033
8402,Major security breach affects millions of users worldwide po pranešimo (Madrid),9,1,0.02,0.919,0.02,0.02,0.02
10802,62 Startuolis pritraukė 50 mln. USD DI platformos plėtrai (Madrid),8,0,0.911,0.022,0.022,0.022,0.022
3221,84 Open-source libraries accelerate machine learning workflows in a surprise move (London),9,2,0.02,0.02,0.92,0.02,0.02
6046,63 Kaip pagreitinti kompiuterį paprastais triukais,4,1,0.04,0.84,0.04,0.04,0.04
13267,41 10 reasons you should never buy this gadget (Kaunas),4,2,0.04,0.041,0.838,0.04,0.04
29238,Open-source libraries accelerate machine learning workflows dėl rinkos reakcijos (Madrid),10,2,0.018,0.018,0.926,0.018,0.019
1796,100 She did X — what happens next will shock you (New York),5,1,0.034,0.866,0.034,0.034,0.033
28256,35 Investors hedge inflation risk using index-linked bonds,8,3,0.022,0.022,0.022,0.911,0.022
6446,"20 Ji padarė X — kas nutiks toliau, pribloškia — Number 5 is shocking",7,1,0.025,0.9,0.025,0.025,0.025
38913,3 Analysts predict record profits for the banking sector,6,4,0.029,0.029,0.029,0.029,0.886
2635,86 Analysts predict record profits for the banking sector,6,4,0.029,0.029,0.029,0.029,0.886
10080,78 Kaip pagreitinti kompiuterį paprastais triukais,4,1,0.04,0.84,0.04,0.04,0.04
33231,87 Stock market falls amid inflation concerns,6,4,0.029,0.029,0.029,0.029,0.886
48854,89 Transfer rumors suggest a record deal for the young striker,7,3,0.025,0.025,0.025,0.9,0.025
17966,75 Earnings beat expectations as revenue grows in cloud segment,7,3,0.025,0.025,0.025,0.9,0.025
5734,84 Kaip pagreitinti kompiuterį paprastais triukais,4,1,0.04,0.84,0.04,0.04,0.04
5650,This trick will change your life forever — Read more (Berlin),6,2,0.029,0.029,0.885,0.029,0.029
25086,78 Apple unveils a new iPhone with advanced camera and AI features — analysts say,10,3,0.018,0.018,0.018,0.926,0.019
43625,Major security breach affects millions of users worldwide dėl rinkos reakcijos (Madrid),10,1,0.018,0.927,0.018,0.018,0.018
6031,You won't believe what happened next — Read more (Madrid),5,1,0.033,0.866,0.034,0.033,0.033
12805,Didelė saugumo spraga paveikė milijonus vartotojų in a surprise move (Madrid),8,4,0.023,0.023,0.022,0.023,0.909
3962,"91 Central bank cuts rates, markets rally on dovish guidance",8,0,0.911,0.022,0.022,0.022,0.022
29925,Stock market falls amid inflation concerns as markets react (Madrid),9,4,0.021,0.02,0.02,0.02,0.918
33959,71 Start-up raises $50 million to scale its AI platform analitikų teigimu,8,3,0.022,0.022,0.022,0.911,0.022
15928,52 You won't believe what happened next,3,1,0.05,0.8,0.05,0.05,0.05
552,Stock market falls amid inflation concerns amid concerns (Berlin),9,4,0.02,0.02,0.02,0.02,0.92
26681,38 Earnings beat expectations as revenue grows in cloud segment,7,3,0.025,0.025,0.025,0.9,0.025
19308,Start-up raises $50 million to scale its AI platform po pranešimo (Paris),8,3,0.022,0.022,0.022,0.91,0.022
2775,16 Apple unveils a new iPhone with advanced camera and AI features (Kaunas),9,3,0.02,0.02,0.02,0.919,0.02
9834,25 Stock market falls amid inflation concerns,6,4,0.029,0.029,0.029,0.029,0.886
35446,86 Start-up raises $50 million to scale its AI platform — analysts say,8,3,0.022,0.022,0.022,0.909,0.024
12994,3 Investors hedge inflation risk using index-linked bonds,8,3,0.022,0.022,0.022,0.911,0.022
19717,98 Investors hedge inflation risk using index-linked bonds,8,3,0.022,0.022,0.022,0.911,0.022
9831,35 Messi įmušė įspūdingą įvartį Lygų taurėje,6,2,0.029,0.029,0.886,0.029,0.029
14843,57 Vietos komanda laimėjo nacionalinį čempionatą pratęsimuose,6,3,0.029,0.029,0.029,0.886,0.029
44188,25 Messi scores a stunning goal in the Champions League match (London),8,4,0.022,0.022,0.022,0.022,0.911
507,54 Top 7 secrets companies don't want you to know,5,2,0.033,0.033,0.867,0.033,0.033
6826,28 Apple unveils a new iPhone with advanced camera and AI features in a surprise move,9,3,0.02,0.02,0.02,0.92,0.02
34302,17 Top 7 secrets companies don't want you to know,5,2,0.033,0.033,0.867,0.033,0.033
15311,"9 10 priežasčių, kodėl niekada nepirkti šio daikto — You won't believe it",8,0,0.689,0.244,0.022,0.022,0.022
10199,16 Major security breach affects millions of users worldwide,7,1,0.025,0.9,0.025,0.025,0.025
10877,49 Local team wins national championship in overtime,6,4,0.029,0.029,0.029,0.029,0.886
32885,How to speed up your computer with simple tweaks po pranešimo (New York),7,3,0.026,0.026,0.026,0.897,0.025
9304,"74 10 priežasčių, kodėl niekada nepirkti šio daikto — Find out why",6,0,0.886,0.029,0.029,0.029,0.029
33030,72 How to speed up your computer with simple tweaks,4,3,0.04,0.04,0.04,0.84,0.04
112,Stock market falls amid inflation concerns,6,4,0.029,0.029,0.029,0.029,0.886
2080,53 Transfer rumors suggest a record deal for the young striker,7,3,0.025,0.025,0.025,0.9,0.025
8779,20 This trick will change your life forever,4,2,0.04,0.04,0.84,0.04,0.04
210,Didelė saugumo spraga paveikė milijonus vartotojų dėl rinkos reakcijos,8,4,0.022,0.022,0.022,0.022,0.911
7004,13 How to speed up your computer with simple tweaks,4,3,0.04,0.04,0.04,0.84,0.04
313,Messi scores a stunning goal in the Champions League match (Berlin),8,4,0.022,0.022,0.022,0.022,0.911
22788,28 How to speed up your computer with simple tweaks,4,3,0.04,0.04,0.04,0.84,0.04
36029,43 You won't believe what happened next (Madrid),4,1,0.04,0.839,0.04,0.04,0.04
6510,Vietos komanda laimėjo nacionalinį čempionatą pratęsimuose po pranešimo (New York),9,3,0.02,0.021,0.02,0.918,0.02
17568,86 This trick will change your life forever (Kaunas),5,2,0.034,0.034,0.866,0.034,0.034
6255,13 You won't believe what happened next (Kaunas),4,1,0.04,0.839,0.04,0.04,0.04
25586,66 Analysts predict record profits for the banking sector,6,4,0.029,0.029,0.029,0.029,0.886
42620,10 Major security breach affects millions of users worldwide (New York),9,1,0.02,0.92,0.02,0.02,0.02
1588,72 Investors hedge inflation risk using index-linked bonds (Madrid),9,3,0.02,0.02,0.02,0.92,0.02
42253,25 This trick will change your life forever,4,2,0.04,0.04,0.84,0.04,0.04
5656,27 Vietos komanda laimėjo nacionalinį čempionatą pratęsimuose,6,3,0.029,0.029,0.029,0.886,0.029
11321,12 Startuolis pritraukė 50 mln. USD DI platformos plėtrai,7,0,0.9,0.025,0.025,0.025,0.025
2189,How to speed up your computer with simple tweaks (London),5,3,0.033,0.033,0.034,0.866,0.033
40805,93 Major security breach affects millions of users worldwide,7,1,0.025,0.9,0.025,0.025,0.025
2350,62 Top 7 secrets companies don't want you to know,5,2,0.033,0.033,0.867,0.033,0.033
1550,Atviro kodo bibliotekos pagreitina mašininio mokymosi procesus po pranešimo,8,2,0.022,0.022,0.911,0.022,0.022
16082,12 Open-source libraries accelerate machine learning workflows,7,2,0.025,0.025,0.9,0.025,0.025
11748,75 Analysts predict record profits for the banking sector,6,4,0.029,0.029,0.029,0.029,0.886
16763,46 Kaip pagreitinti kompiuterį paprastais triukais,4,1,0.04,0.84,0.04,0.04,0.04
3848,33 Didelė saugumo spraga paveikė milijonus vartotojų,6,4,0.029,0.029,0.029,0.029,0.886
7816,42 Coach explains new defensive tactics after the game,6,2,0.029,0.029,0.885,0.029,0.029
29727,44 Messi įmušė įspūdingą įvartį Lygų taurėje,6,2,0.029,0.029,0.886,0.029,0.029
11781,44 Vietos komanda laimėjo nacionalinį čempionatą pratęsimuose analitikų teigimu,8,3,0.022,0.022,0.022,0.911,0.022
360,She did X — what happens next will shock you (Madrid),4,1,0.04,0.839,0.04,0.04,0.04
46584,35 Kaip pagreitinti kompiuterį paprastais triukais,4,1,0.04,0.84,0.04,0.04,0.04
3656,62 Didelė saugumo spraga paveikė milijonus vartotojų,6,4,0.029,0.029,0.029,0.029,0.886
29171,29 Transfer rumors suggest a record deal for the young striker,7,3,0.025,0.025,0.025,0.9,0.025
40553,"90 Central bank cuts rates, markets rally on dovish guidance (New York)",10,0,0.927,0.018,0.018,0.018,0.018
11889,98 Treneris aiškino naują gynybos taktiką po rungtynių,6,0,0.886,0.029,0.029,0.029,0.029
1565,57 Atviro kodo bibliotekos pagreitina mašininio mokymosi procesus,7,2,0.025,0.025,0.9,0.025,0.025
28988,97 Start-up raises $50 million to scale its AI platform,6,3,0.029,0.029,0.029,0.886,0.029
26025,69 „Apple“ pristatė naują iPhone su pažangia kamera ir DI funkcijomis as markets react (Berlin),11,1,0.14,0.81,0.017,0.017,0.017
25567,92 Startuolis pritraukė 50 mln. USD DI platformos plėtrai,7,0,0.9,0.025,0.025,0.025,0.025
21265,"Negalėsite patikėti, kas įvyko toliau — Read more (London)",6,2,0.029,0.029,0.885,0.029,0.029
48895,68 Stock market falls amid inflation concerns (New York),8,4,0.023,0.023,0.023,0.023,0.909
649,53 Local team wins national championship in overtime,6,4,0.029,0.029,0.029,0.029,0.886
45167,Investors hedge inflation risk using index-linked bonds in a surprise move (Kaunas),10,3,0.018,0.018,0.018,0.927,0.018
13246,36 Startuolis pritraukė 50 mln. USD DI platformos plėtrai,7,0,0.9,0.025,0.025,0.025,0.025
29197,61 Atviro kodo bibliotekos pagreitina mašininio mokymosi procesus,7,2,0.025,0.025,0.9,0.025,0.025
24168,41 Major security breach affects millions of users worldwide,7,1,0.025,0.9,0.025,0.025,0.025
33563,Earnings beat expectations as revenue grows in cloud segment dėl rinkos reakcijos (Kaunas),10,3,0.018,0.018,0.018,0.927,0.018
486,Messi scores a stunning goal in the Champions League match — analysts say (Vilnius),10,4,0.018,0.018,0.018,0.018,0.927
31107,83 Perėjimų gandai: jaunas puolėjas gali kainuoti rekordą (London),8,1,0.022,0.911,0.022,0.022,0.022
32378,55 This trick will change your life forever — Find out why,4,2,0.04,0.04,0.84,0.04,0.04
13395,27 10 reasons you should never buy this gadget (New York),5,2,0.034,0.034,0.866,0.034,0.033
11515,Apple unveils a new iPhone with advanced camera and AI features in a surprise move (Paris),10,3,0.018,0.018,0.018,0.927,0.018
18841,6 Messi scores a stunning goal in the Champions League match,7,4,0.025,0.025,0.025,0.025,0.9
10964,"Negalėsite patikėti, kas įvyko toliau (Kaunas)",5,2,0.034,0.034,0.865,0.034,0.034
30727,76 Stock market falls amid inflation concerns dėl rinkos reakcijos,8,4,0.022,0.022,0.022,0.022,0.911
45787,26 Žvaigždė pasirašė daugiametę sutartį su klubu,5,0,0.867,0.033,0.033,0.033,0.033
3440,How to speed up your computer with simple tweaks (Kaunas),5,3,0.034,0.034,0.034,0.866,0.034
24535,50 Žvaigždė pasirašė daugiametę sutartį su klubu dėl rinkos reakcijos,7,0,0.899,0.025,0.025,0.025,0.025
44059,Investors hedge inflation risk using index-linked bonds after report (Berlin),10,3,0.019,0.018,0.018,0.926,0.018
6577,10 Investors hedge inflation risk using index-linked bonds,8,3,0.022,0.022,0.022,0.911,0.022
21095,87 „Apple“ pristatė naują iPhone su pažangia kamera ir DI funkcijomis amid concerns,10,1,0.018,0.745,0.018,0.018,0.2
18923,84 Transfer rumors suggest a record deal for the young striker,7,3,0.025,0.025,0.025,0.9,0.025
9341,Local team wins national championship in overtime as markets react,8,4,0.023,0.022,0.022,0.022,0.91
33849,91 Treneris aiškino naują gynybos taktiką po rungtynių,6,0,0.886,0.029,0.029,0.029,0.029
45330,2 Open-source libraries accelerate machine learning workflows — analysts say (London),10,2,0.018,0.018,0.733,0.018,0.212
31213,99 Atviro kodo bibliotekos pagreitina mašininio mokymosi procesus,7,2,0.025,0.025,0.9,0.025,0.025
215,This trick will change your life forever (London),5,2,0.033,0.033,0.866,0.033,0.033
5477,26 How to speed up your computer with simple tweaks,4,3,0.04,0.04,0.04,0.84,0.04
37082,54 Start-up raises $50 million to scale its AI platform,6,3,0.029,0.029,0.029,0.886,0.029
48957,48 „Apple“ pristatė naują iPhone su pažangia kamera ir DI funkcijomis as markets react,10,1,0.148,0.798,0.018,0.018,0.018
485,Šis triukas pakeis jūsų gyvenimą amžiams — Number 5 is shocking,7,1,0.025,0.9,0.025,0.025,0.025
34492,"66 Negalėsite patikėti, kas įvyko toliau",4,2,0.04,0.04,0.84,0.04,0.04
48612,54 Messi įmušė įspūdingą įvartį Lygų taurėje,6,2,0.029,0.029,0.886,0.029,0.029
9911,89 Atviro kodo bibliotekos pagreitina mašininio mokymosi procesus (Paris),8,2,0.022,0.022,0.911,0.022,0.022
49561,59 Apple unveils a new iPhone with advanced camera and AI features dėl rinkos reakcijos,10,3,0.018,0.018,0.018,0.927,0.018
19370,32 Treneris aiškino naują gynybos taktiką po rungtynių,6,0,0.886,0.029,0.029,0.029,0.029
38679,Startuolis pritraukė 50 mln. USD DI platformos plėtrai amid concerns (Berlin),10,0,0.727,0.018,0.018,0.018,0.218
13173,98 How to speed up your computer with simple tweaks (London),5,3,0.033,0.033,0.034,0.866,0.033
7840,"49 Central bank cuts rates, markets rally on dovish guidance",8,0,0.911,0.022,0.022,0.022,0.022
26298,2 Didelė saugumo spraga paveikė milijonus vartotojų,6,4,0.029,0.029,0.029,0.029,0.886
32341,95 Earnings beat expectations as revenue grows in cloud segment,7,3,0.025,0.025,0.025,0.9,0.025
29767,36 Local team wins national championship in overtime analitikų teigimu (Vilnius),9,4,0.02,0.02,0.02,0.02,0.92
9453,18 Treneris aiškino naują gynybos taktiką po rungtynių,6,0,0.886,0.029,0.029,0.029,0.029
31315,84 Atviro kodo bibliotekos pagreitina mašininio mokymosi procesus (Vilnius),8,2,0.022,0.022,0.911,0.022,0.022
25565,You won't believe what happened next — Find out why (Berlin),4,1,0.04,0.839,0.04,0.04,0.04
9963,60 Messi įmušė įspūdingą įvartį Lygų taurėje po pranešimo (Berlin),8,2,0.022,0.022,0.91,0.022,0.023
11695,21 Star player signs a multi-year contract with club,7,0,0.9,0.025,0.025,0.025,0.025
5189,Perėjimų gandai: jaunas puolėjas gali kainuoti rekordą as markets react,9,1,0.129,0.81,0.02,0.02,0.02
12096,53 Atviro kodo bibliotekos pagreitina mašininio mokymosi procesus (London),8,2,0.022,0.022,0.911,0.022,0.022
35389,82 Messi scores a stunning goal in the Champions League match,7,4,0.025,0.025,0.025,0.025,0.9
38825,42 Treneris aiškino naują gynybos taktiką po rungtynių,6,0,0.886,0.029,0.029,0.029,0.029
34156,69 Perėjimų gandai: jaunas puolėjas gali kainuoti rekordą (Berlin),8,1,0.022,0.911,0.022,0.022,0.022
12051,63 Žvaigždė pasirašė daugiametę sutartį su klubu analitikų teigimu,7,0,0.898,0.025,0.025,0.025,0.026
13221,57 Messi scores a stunning goal in the Champions League match amid concerns,9,4,0.02,0.02,0.02,0.02,0.92
409,Investors hedge inflation risk using index-linked bonds dėl rinkos reakcijos,10,3,0.018,0.018,0.018,0.927,0.018
42529,57 Transfer rumors suggest a record deal for the young striker,7,3,0.025,0.025,0.025,0.9,0.025
8484,15 This trick will change your life forever,4,2,0.04,0.04,0.84,0.04,0.04
16645,52 Messi įmušė įspūdingą įvartį Lygų taurėje po pranešimo,7,2,0.025,0.025,0.899,0.025,0.025
43329,50 Messi scores a stunning goal in the Champions League match,7,4,0.025,0.025,0.025,0.025,0.9
1401,Kaip pagreitinti kompiuterį paprastais triukais as markets react,6,1,0.194,0.72,0.029,0.029,0.029
208,Analysts predict record profits for the banking sector as markets react,8,4,0.023,0.022,0.022,0.022,0.91
16975,13 Open-source libraries accelerate machine learning workflows analitikų teigimu,9,2,0.02,0.02,0.919,0.02,0.02
6356,91 Atviro kodo bibliotekos pagreitina mašininio mokymosi procesus analitikų teigimu (Paris),10,2,0.018,0.018,0.927,0.018,0.018
40406,16 Perėjimų gandai: jaunas puolėjas gali kainuoti rekordą — analysts say,9,1,0.02,0.72,0.02,0.02,0.22
16498,88 Žvaigždė pasirašė daugiametę sutartį su klubu,5,0,0.867,0.033,0.033,0.033,0.033
39810,100 „Apple“ pristatė naują iPhone su pažangia kamera ir DI funkcijomis (Madrid),9,1,0.02,0.92,0.02,0.02,0.02
153,Start-up raises $50 million to scale its AI platform dėl rinkos reakcijos,8,3,0.022,0.022,0.022,0.911,0.022
3469,Didelė saugumo spraga paveikė milijonus vartotojų dėl rinkos reakcijos (Madrid),9,4,0.02,0.02,0.02,0.02,0.919
10254,86 Vietos komanda laimėjo nacionalinį čempionatą pratęsimuose,6,3,0.029,0.029,0.029,0.886,0.029
6116,Didelė saugumo spraga paveikė milijonus vartotojų — analysts say (Kaunas),9,4,0.02,0.02,0.02,0.02,0.92
12791,94 Major security breach affects millions of users worldwide amid concerns,9,1,0.02,0.72,0.02,0.02,0.22
15922,34 Vietos komanda laimėjo nacionalinį čempionatą pratęsimuose,6,3,0.029,0.029,0.029,0.886,0.029
49138,30 How to speed up your computer with simple tweaks — analysts say,6,3,0.029,0.029,0.029,0.714,0.201
26124,95 Open-source libraries accelerate machine learning workflows,7,2,0.025,0.025,0.9,0.025,0.025
41301,18 Messi scores a stunning goal in the Champions League match,7,4,0.025,0.025,0.025,0.025,0.9
43480,50 Analysts predict record profits for the banking sector (Kaunas),7,4,0.025,0.025,0.025,0.025,0.899
370,She did X — what happens next will shock you — Read more,4,1,0.04,0.84,0.04,0.04,0.04
6461,"10 priežasčių, kodėl niekada nepirkti šio daikto — Find out why (Paris)",7,0,0.9,0.025,0.025,0.025,0.025
17599,Žvaigždė pasirašė daugiametę sutartį su klubu as markets react (Madrid),8,0,0.911,0.022,0.022,0.022,0.022
5536,54 Šis triukas pakeis jūsų gyvenimą amžiams,5,1,0.033,0.867,0.033,0.033,0.033
10868,42 Apple unveils a new iPhone with advanced camera and AI features,8,3,0.022,0.022,0.022,0.911,0.022
45301,23 Open-source libraries accelerate machine learning workflows,7,2,0.025,0.025,0.9,0.025,0.025
17531,5 10 reasons you should never buy this gadget,3,2,0.05,0.05,0.8,0.05,0.05
20992,31 Messi įmušė įspūdingą įvartį Lygų taurėje,6,2,0.029,0.029,0.886,0.029,0.029
5249,Transfer rumors suggest a record deal for the young striker dėl rinkos reakcijos (Paris),10,3,0.018,0.018,0.018,0.927,0.018
8223,16 Start-up raises $50 million to scale its AI platform,6,3,0.029,0.029,0.029,0.886,0.029
5080,Perėjimų gandai: jaunas puolėjas gali kainuoti rekordą analitikų teigimu,9,1,0.02,0.919,0.02,0.02,0.02
28353,35 How to speed up your computer with simple tweaks,4,3,0.04,0.04,0.04,0.84,0.04
22096,37 Atviro kodo bibliotekos pagreitina mašininio mokymosi procesus,7,2,0.025,0.025,0.9,0.025,0.025
47223,57 Start-up raises $50 million to scale its AI platform dėl rinkos reakcijos,8,3,0.022,0.022,0.022,0.911,0.022
37579,"Ji padarė X — kas nutiks toliau, pribloškia — Find out why (New York)",7,1,0.025,0.899,0.025,0.025,0.025
8266,25 Earnings beat expectations as revenue grows in cloud segment,7,3,0.025,0.025,0.025,0.9,0.025
35,Local team wins national championship in overtime,6,4,0.029,0.029,0.029,0.029,0.886
10316,Kaip pagreitinti kompiuterį paprastais triukais analitikų teigimu (Madrid),7,1,0.025,0.898,0.025,0.025,0.026
3391,Messi scores a stunning goal in the Champions League match dėl rinkos reakcijos,9,4,0.02,0.02,0.02,0.02,0.92
14159,„Apple“ pristatė naują iPhone su pažangia kamera ir DI funkcijomis after report (New York),11,1,0.017,0.933,0.017,0.017,0.017
14614,24 She did X — what happens next will shock you,3,1,0.05,0.8,0.05,0.05,0.05
14609,56 Atviro kodo bibliotekos pagreitina mašininio mokymosi procesus,7,2,0.025,0.025,0.9,0.025,0.025
8811,46 She did X — what happens next will shock you,3,1,0.05,0.8,0.05,0.05,0.05
974,Major security breach affects millions of users worldwide after report (Madrid),9,1,0.02,0.92,0.02,0.02,0.02
30397,5 Star player signs a multi-year contract with club (Kaunas),8,0,0.911,0.022,0.022,0.022,0.022
8221,77 Stock market falls amid inflation concerns dėl rinkos reakcijos,8,4,0.022,0.022,0.022,0.022,0.911
32288,30 Kaip pagreitinti kompiuterį paprastais triukais,4,1,0.04,0.84,0.04,0.04,0.04
1843,27 Earnings beat expectations as revenue grows in cloud segment (Vilnius),8,3,0.022,0.022,0.022,0.911,0.022
35694,This trick will change your life forever — Find out why (Paris),5,2,0.033,0.033,0.866,0.033,0.033
5242,45 Perėjimų gandai: jaunas puolėjas gali kainuoti rekordą,7,1,0.025,0.9,0.025,0.025,0.025
5476,99 Vietos komanda laimėjo nacionalinį čempionatą pratęsimuose,6,3,0.029,0.029,0.029,0.886,0.029
30961,97 10 reasons you should never buy this gadget,3,2,0.05,0.05,0.8,0.05,0.05
1227,You won't believe what happened next (Kaunas),4,1,0.04,0.839,0.04,0.04,0.04
1720,Star player signs a multi-year contract with club (New York),9,0,0.919,0.02,0.02,0.02,0.02
29473,5 Transfer rumors suggest a record deal for the young striker (London),8,3,0.022,0.022,0.022,0.911,0.022
472,You won't believe what happened next — Find out why,3,1,0.05,0.8,0.05,0.05,0.05
528,Šis triukas pakeis jūsų gyvenimą amžiams (New York),7,1,0.025,0.899,0.025,0.025,0.025
1355,Žvaigždė pasirašė daugiametę sutartį su klubu (Madrid),6,0,0.885,0.029,0.029,0.029,0.029
4872,74 Stock market falls amid inflation concerns,6,4,0.029,0.029,0.029,0.029,0.886
19073,30 Messi scores a stunning goal in the Champions League match,7,4,0.025,0.025,0.025,0.025,0.9
26895,11 Perėjimų gandai: jaunas puolėjas gali kainuoti rekordą as markets react,9,1,0.129,0.81,0.02,0.02,0.02
21795,78 Open-source libraries accelerate machine learning workflows analitikų teigimu (Madrid),10,2,0.018,0.018,0.927,0.018,0.018
38526,Kaip pagreitinti kompiuterį paprastais triukais dėl rinkos reakcijos (Kaunas),7,1,0.025,0.899,0.025,0.025,0.025
961,Treneris aiškino naują gynybos taktiką po rungtynių (Madrid),7,0,0.9,0.025,0.025,0.025,0.025
27966,Analysts predict record profits for the banking sector analitikų teigimu (London),9,4,0.02,0.02,0.02,0.02,0.919
10969,73 Startuolis pritraukė 50 mln. USD DI platformos plėtrai,7,0,0.9,0.025,0.025,0.025,0.025
18305,11 Major security breach affects millions of users worldwide analitikų teigimu,9,1,0.02,0.919,0.02,0.02,0.02
418,Stock market falls amid inflation concerns analitikų teigimu,8,4,0.022,0.022,0.022,0.022,0.911
31761,Star player signs a multi-year contract with club analitikų teigimu (Madrid),10,0,0.926,0.018,0.018,0.018,0.019
9992,30 Žvaigždė pasirašė daugiametę sutartį su klubu,5,0,0.867,0.033,0.033,0.033,0.033
8357,Kaip pagreitinti kompiuterį paprastais triukais in a surprise move (Vilnius),6,1,0.029,0.885,0.029,0.029,0.029
28523,5 Major security breach affects millions of users worldwide after report,8,1,0.022,0.911,0.022,0.022,0.022
3743,57 She did X — what happens next will shock you — Find out why,3,1,0.05,0.8,0.05,0.05,0.05
36478,24 You won't believe what happened next,3,1,0.05,0.8,0.05,0.05,0.05
24698,80 „Apple“ pristatė naują iPhone su pažangia kamera ir DI funkcijomis,8,1,0.022,0.911,0.022,0.022,0.022
47997,"45 Negalėsite patikėti, kas įvyko toliau (Paris)",5,2,0.033,0.034,0.866,0.033,0.033
24954,Atviro kodo bibliotekos pagreitina mašininio mokymosi procesus analitikų teigimu (Madrid),10,2,0.018,0.018,0.927,0.018,0.018
16334,47 Coach explains new defensive tactics after the game,6,2,0.029,0.029,0.885,0.029,0.029
548,91 Investors hedge inflation risk using index-linked bonds (Madrid),9,3,0.02,0.02,0.02,0.92,0.02
25619,35 Vietos komanda laimėjo nacionalinį čempionatą pratęsimuose,6,3,0.029,0.029,0.029,0.886,0.029
168,Startuolis pritraukė 50 mln. USD DI platformos plėtrai,7,0,0.9,0.025,0.025,0.025,0.025
11973,85 Star player signs a multi-year contract with club analitikų teigimu,9,0,0.919,0.02,0.02,0.02,0.02
14674,24 Atviro kodo bibliotekos pagreitina mašininio mokymosi procesus,7,2,0.025,0.025,0.9,0.025,0.025
30805,56 Open-source libraries accelerate machine learning workflows (New York),9,2,0.02,0.02,0.92,0.02,0.02
2687,93 Investors hedge inflation risk using index-linked bonds,8,3,0.022,0.022,0.022,0.911,0.022
35358,92 Messi įmušė įspūdingą įvartį Lygų taurėje (Madrid),7,2,0.025,0.025,0.899,0.025,0.025
47511,75 Investors hedge inflation risk using index-linked bonds in a surprise move,9,3,0.02,0.02,0.02,0.92,0.02
15860,22 Transfer rumors suggest a record deal for the young striker,7,3,0.025,0.025,0.025,0.9,0.025
6601,32 Žvaigždė pasirašė daugiametę sutartį su klubu,5,0,0.867,0.033,0.033,0.033,0.033
2056,64 Stock market falls amid inflation concerns,6,4,0.029,0.029,0.029,0.029,0.886
39270,2 Major security breach affects millions of users worldwide,7,1,0.025,0.9,0.025,0.025,0.025
39584,95 Perėjimų gandai: jaunas puolėjas gali kainuoti rekordą in a surprise move,8,1,0.022,0.911,0.022,0.022,0.022
39581,"81 Top 7 paslaptys, kurias įmonės nenori, kad žinotumėte — You won't believe it",6,2,0.029,0.314,0.6,0.029,0.029
29205,100 Major security breach affects millions of users worldwide,7,1,0.025,0.9,0.025,0.025,0.025
2689,81 Žvaigždė pasirašė daugiametę sutartį su klubu,5,0,0.867,0.033,0.033,0.033,0.033
3647,92 Open-source libraries accelerate machine learning workflows,7,2,0.025,0.025,0.9,0.025,0.025
20740,53 Coach explains new defensive tactics after the game dėl rinkos reakcijos,8,2,0.023,0.023,0.909,0.023,0.023
18919,You won't believe what happened next — Read more (New York),6,1,0.029,0.885,0.029,0.029,0.029
49648,"41 Top 7 paslaptys, kurias įmonės nenori, kad žinotumėte — You won't believe it",6,2,0.029,0.314,0.6,0.029,0.029
15373,"Ji padarė X — kas nutiks toliau, pribloškia — Find out why (Vilnius)",6,1,0.029,0.885,0.029,0.029,0.029
42238,94 This trick will change your life forever — Number 5 is shocking,6,2,0.029,0.029,0.885,0.029,0.029
33079,21 Didelė saugumo spraga paveikė milijonus vartotojų,6,4,0.029,0.029,0.029,0.029,0.886
9039,16 10 reasons you should never buy this gadget,3,2,0.05,0.05,0.8,0.05,0.05
5725,42 This trick will change your life forever,4,2,0.04,0.04,0.84,0.04,0.04
464,"95 Ji padarė X — kas nutiks toliau, pribloškia",5,1,0.033,0.867,0.033,0.033,0.033
6468,24 10 reasons you should never buy this gadget,3,2,0.05,0.05,0.8,0.05,0.05
1437,43 Treneris aiškino naują gynybos taktiką po rungtynių,6,0,0.886,0.029,0.029,0.029,0.029
42063,2 Top 7 secrets companies don't want you to know,5,2,0.033,0.033,0.867,0.033,0.033
914,Žvaigždė pasirašė daugiametę sutartį su klubu (New York),7,0,0.899,0.025,0.025,0.025,0.025
19556,34 This trick will change your life forever,4,2,0.04,0.04,0.84,0.04,0.04
39108,"36 Ji padarė X — kas nutiks toliau, pribloškia",5,1,0.033,0.867,0.033,0.033,0.033
48563,47 Kaip pagreitinti kompiuterį paprastais triukais as markets react,6,1,0.194,0.72,0.029,0.029,0.029
1881,21 Analysts predict record profits for the banking sector (Berlin),7,4,0.025,0.025,0.025,0.025,0.899
8752,"83 10 priežasčių, kodėl niekada nepirkti šio daikto",6,0,0.886,0.029,0.029,0.029,0.029
479,14 Startuolis pritraukė 50 mln. USD DI platformos plėtrai,7,0,0.9,0.025,0.025,0.025,0.025
35184,Transfer rumors suggest a record deal for the young striker po pranešimo (Kaunas),9,3,0.02,0.02,0.02,0.919,0.02
13758,76 10 reasons you should never buy this gadget (London),4,2,0.04,0.04,0.839,0.04,0.04
16245,"10 priežasčių, kodėl niekada nepirkti šio daikto — Number 5 is shocking (Kaunas)",9,0,0.919,0.021,0.021,0.02,0.02
880,„Apple“ pristatė naują iPhone su pažangia kamera ir DI funkcijomis (New York),10,1,0.018,0.927,0.018,0.018,0.018
1171,22 She did X — what happens next will shock you,3,1,0.05,0.8,0.05,0.05,0.05
33321,84 Open-source libraries accelerate machine learning workflows,7,2,0.025,0.025,0.9,0.025,0.025
4065,79 She did X — what happens next will shock you,3,1,0.05,0.8,0.05,0.05,0.05
45766,12 Didelė saugumo spraga paveikė milijonus vartotojų,6,4,0.029,0.029,0.029,0.029,0.886
837,Stock market falls amid inflation concerns po pranešimo (Kaunas),8,4,0.022,0.022,0.022,0.022,0.91
4028,Atviro kodo bibliotekos pagreitina mašininio mokymosi procesus dėl rinkos reakcijos (Berlin),10,2,0.018,0.018,0.926,0.018,0.019
8963,Perėjimų gandai: jaunas puolėjas gali kainuoti rekordą po pranešimo (Berlin),9,1,0.02,0.919,0.02,0.02,0.02
35402,34 This trick will change your life forever — You won't believe it (Kaunas),7,2,0.025,0.335,0.59,0.025,0.025
21578,27 You won't believe what happened next — You won't believe it,5,1,0.033,0.867,0.033,0.033,0.033
16049,61 Atviro kodo bibliotekos pagreitina mašininio mokymosi procesus — analysts say,9,2,0.02,0.02,0.72,0.02,0.22
29744,"7 Negalėsite patikėti, kas įvyko toliau",4,2,0.04,0.04,0.84,0.04,0.04
9762,47 Apple unveils a new iPhone with advanced camera and AI features,8,3,0.022,0.022,0.022,0.911,0.022
30487,66 Stock market falls amid inflation concerns,6,4,0.029,0.029,0.029,0.029,0.886
245,Vietos komanda laimėjo nacionalinį čempionatą pratęsimuose analitikų teigimu,8,3,0.022,0.022,0.022,0.911,0.022
43102,49 Major security breach affects millions of users worldwide,7,1,0.025,0.9,0.025,0.025,0.025
1177,Žvaigždė pasirašė daugiametę sutartį su klubu as markets react,7,0,0.9,0.025,0.025,0.025,0.025
48320,25 „Apple“ pristatė naują iPhone su pažangia kamera ir DI funkcijomis (Madrid),9,1,0.02,0.92,0.02,0.02,0.02
